CPU_Model,Benchmark_Score
AMD Ryzen Threadripper 3990X,76757
AMD EPYC 7742,61461
AMD Ryzen Threadripper 3970X,60474
AMD EPYC 7702P,58909
AMD Ryzen Threadripper 3960X,55255
AMD EPYC 7452,48922
AMD EPYC 7302P,39634
AMD Ryzen 9 3950X,39261
AMD EPYC 7402P,36178
Intel Xeon W-3275M @ 2.50GHz,36020
AMD EPYC 7502P,35086
Intel Core i9-9980XE @ 3.00GHz,33780
Intel Core i9-10980XE @ 3.00GHz,33511
Intel Xeon W-3175X @ 3.10GHz,33253
Intel Xeon W-3265 @ 2.70GHz,32955
Intel Xeon Platinum 8268 @ 2.90GHz,32953
AMD Ryzen 9 3900X,32784
AMD Ryzen 9 PRO 3900,32049
AMD Ryzen Threadripper 2950X,31385
Intel Xeon Gold 6254 @ 3.10GHz,31216
Intel Core i9-10940X @ 3.30GHz,31162
AMD Ryzen 9 3900,31014
Intel Xeon Gold 6212U @ 2.40GHz,30071
Intel Xeon Gold 6210U @ 2.50GHz,29700
Intel Core i9-7980XE @ 2.60GHz,29367
Intel Core i9-9940X @ 3.30GHz,29085
Intel Xeon Platinum 8259CL @ 2.50GHz,29009
Intel Xeon Platinum 8168 @ 2.70GHz,28883
AMD Ryzen Threadripper 2990WX,28856
Intel Xeon Platinum 8173M @ 2.00GHz,28615
AMD Ryzen Threadripper 2970WX,28424
Intel Core i9-9960X @ 3.10GHz,28180
Intel Xeon Platinum 8175M @ 2.50GHz,27865
Intel Xeon Gold 6154 @ 3.00GHz,27487
Intel Core i9-10920X @ 3.50GHz,27337
AMD Ryzen Threadripper 1950X,26943
Intel Core i9-7940X @ 3.10GHz,26898
Intel Xeon W-3235 @ 3.30GHz,26787
Intel Xeon Gold 6246 @ 3.30GHz,26761
Intel Xeon Platinum 8124M @ 3.00GHz,26607
AMD EPYC 7262,26459
AMD Ryzen Threadripper 2920X,26343
Intel Xeon Gold 6242 @ 2.80GHz,26323
Intel Xeon Gold 6143 @ 2.80GHz,25906
Intel Core i9-7960X @ 2.80GHz,25773
Intel Xeon Gold 6230 @ 2.10GHz,25539
Intel Xeon Gold 6148 @ 2.40GHz,25225
Intel Xeon Gold 6138 @ 2.00GHz,25205
Intel Core i9-9920X @ 3.50GHz,25017
Intel Xeon W-2195 @ 2.30GHz,24548
Intel Xeon W-2175 @ 2.50GHz,24380
Intel Xeon W-2170B @ 2.50GHz,24353
Intel Xeon Platinum 8176 @ 2.10GHz,24227
AMD Ryzen Threadripper 1920X,24214
Intel Xeon Gold 6146 @ 3.20GHz,24055
Intel Xeon Platinum 8160 @ 2.10GHz,24036
Intel Core i9-7920X @ 2.90GHz,23953
Intel Xeon Gold 6140 @ 2.30GHz,23761
Intel Xeon Gold 6132 @ 2.60GHz,23704
Intel Core i9-10900X @ 3.70GHz,23351
Intel Xeon Gold 6152 @ 2.10GHz,23299
AMD Ryzen 7 3800X,23278
AMD EPYC 7371,22859
AMD Ryzen 7 PRO 3700,22808
AMD Ryzen 7 3700X,22754
Intel Xeon Gold 5218 @ 2.30GHz,22396
AMD EPYC 7571,22125
Intel Core i9-7900X @ 3.30GHz,21883
AMD Ryzen Threadripper 2990X,21790
Intel Core i9-9900X @ 3.50GHz,21759
AMD EPYC 7401P,21450
Intel Xeon W-2150B @ 3.00GHz,21252
Intel Core i9-9820X @ 3.30GHz,21199
Intel Xeon W-2155 @ 3.30GHz,21132
Intel Xeon Gold 6136 @ 3.00GHz,20856
Intel Xeon Silver 4216 @ 2.10GHz,20318
Intel Xeon Gold 6137 @ 3.90GHz,20240
Intel Core i7-7900X @ 3.30GHz,20233
Intel Core i9-9900KS @ 4.00GHz,20134
AMD EPYC 7501,20094
Intel Xeon Gold 6126 @ 2.60GHz,20092
Intel Xeon E5-2679 v4 @ 2.50GHz,19970
AMD EPYC 7551,19606
Intel Xeon D-2187NT @ 2.00GHz,19574
AMD EPYC 7551P,19564
Intel Xeon Gold 6144 @ 3.50GHz,19500
Intel Xeon Gold 6130 @ 2.10GHz,19477
Intel Xeon E5-2699 v4 @ 2.20GHz,19313
Intel Xeon D-2183IT @ 2.20GHz,19216
AMD EPYC 7351,19180
Intel Xeon W-2145 @ 3.70GHz,18999
Intel Core i9-9900K @ 3.60GHz,18977
Intel Core i9-9900KF @ 3.60GHz,18822
Intel Xeon W-2140B @ 3.20GHz,18462
AMD Ryzen 5 3600X,18387
AMD Ryzen 7 PRO 2700X,18297
AMD Ryzen 5 PRO 3600,18284
Intel Xeon Silver 4214 @ 2.20GHz,18232
AMD Ryzen 7 4800H,18193
Intel Core i7-9800X @ 3.80GHz,18155
Intel Core i7-7820X @ 3.60GHz,18139
Intel Xeon E5-2697A v4 @ 2.60GHz,18066
Intel Xeon Gold 5120T @ 2.20GHz,17992
AMD Ryzen 5 3600,17855
Intel Xeon Gold 6226 @ 2.70GHz,17850
AMD Ryzen 7 2700X,17784
AMD Ryzen Threadripper 1900X,17773
Intel Xeon Gold 5120 @ 2.20GHz,17758
Intel Core i7-6950X @ 3.00GHz,17386
Intel Xeon E-2288G @ 3.70GHz,17333
Intel Xeon E5-2687W v4 @ 3.00GHz,17223
Intel Core i9-9900 @ 3.10GHz,17033
Intel Xeon Gold 6134 @ 3.20GHz,16906
Intel Xeon E5-2690 v4 @ 2.60GHz,16814
Intel Xeon E5-2696 v4 @ 2.20GHz,16744
AMD EPYC 7451,16718
Intel Xeon E5-2673 v4 @ 2.30GHz,16675
Intel Xeon E5-2697 v4 @ 2.30GHz,16627
Intel Xeon E5-2698 v4 @ 2.20GHz,16617
Intel Xeon Gold 5117 @ 2.00GHz,16531
Intel Xeon E5-2699A v4 @ 2.40GHz,16516
Intel Core i9-9980HK @ 2.40GHz,16424
Intel Xeon E5-2682 v4 @ 2.50GHz,16424
AMD Ryzen 7 PRO 1700X,16410
Intel Xeon Gold 5118 @ 2.30GHz,16296
Intel Xeon E5-2695 v4 @ 2.10GHz,16165
AMD Ryzen 7 1800X,16157
Intel Core i7-10750H @ 2.60GHz,16137
Intel Xeon E5-2669 v3 @ 2.30GHz,16107
AMD Ryzen 7 PRO 2700,16088
Intel Xeon E-2286M @ 2.40GHz,16080
Intel Xeon E5-2699 v3 @ 2.30GHz,16039
Intel Xeon W-2225 @ 4.10GHz,16030
Intel Xeon E5-2686 v4 @ 2.30GHz,15926
Intel Xeon E-2278G @ 3.40GHz,15917
Intel Xeon E5-2689 v4 @ 3.10GHz,15889
AMD Ryzen 7 2700,15839
Intel Xeon E5-2696 v3 @ 2.30GHz,15819
Intel Xeon Silver 4215 @ 2.50GHz,15806
AMD EPYC 7351P,15792
Intel Xeon D-2166NT @ 2.00GHz,15788
Intel Xeon E5-2697 v3 @ 2.60GHz,15709
Intel Xeon E5-2680 v4 @ 2.40GHz,15610
AMD Ryzen 7 1700X,15581
Intel Xeon E5-2690 v3 @ 2.60GHz,15505
Intel Xeon W-2135 @ 3.70GHz,15480
Intel Xeon Silver 4116 @ 2.10GHz,15453
Intel Core i7-9700KF @ 3.60GHz,15299
AMD Ryzen 7 2700E,15197
Intel Xeon E5-2683 v4 @ 2.10GHz,15172
Intel Xeon Silver 4123 @ 3.00GHz,15056
Intel Xeon E5-2698 v3 @ 2.30GHz,14921
Intel Xeon Gold 6128 @ 3.40GHz,14918
Intel Core i7-9700K @ 3.60GHz,14893
Intel Xeon E5-4669 v3 @ 2.10GHz,14601
Intel Xeon Silver 4210 @ 2.20GHz,14601
Intel Xeon E5-2680 v3 @ 2.50GHz,14510
AMD Ryzen 7 PRO 1700,14501
AMD Ryzen 7 1700,14486
Intel Core i7-9700 @ 3.00GHz,14404
AMD Ryzen 5 2600X,14395
Intel Core i7-9700F @ 3.00GHz,14360
Intel Core i7-8086K @ 4.00GHz,14321
Intel Core i9-9880H @ 2.30GHz,14318
AMD Ryzen 5 PRO 2600,14253
Intel Xeon Silver 4114 @ 2.20GHz,14250
Intel Xeon D-1567 @ 2.10GHz,14210
Intel Xeon D-1587 @ 1.70GHz,14190
Intel Core i9-9900T @ 2.10GHz,14182
Intel Core i7-6900K @ 3.20GHz,14157
Intel Xeon E5-2678 v3 @ 2.50GHz,14083
Intel Core i7-8700K @ 3.70GHz,14043
Intel Xeon E5-2695 v3 @ 2.30GHz,14000
Intel Xeon E-2246G @ 3.60GHz,13791
Intel Xeon E5-1680 v4 @ 3.40GHz,13773
Intel Xeon E5-2667 v4 @ 3.20GHz,13757
Intel Xeon D-2143IT @ 2.20GHz,13699
Intel Xeon E5-2660 v4 @ 2.00GHz,13641
Intel Xeon Silver 4208 @ 2.10GHz,13640
Intel Core i7-7800X @ 3.50GHz,13609
Intel Xeon E-2176G @ 3.70GHz,13557
Intel Xeon E-2286G @ 4.00GHz,13555
Intel Xeon E5-1681 v3 @ 2.90GHz,13511
AMD Ryzen 5 3500X,13496
Intel Xeon E5-2658 v4 @ 2.30GHz,13475
Intel Core i7-8700 @ 3.20GHz,13434
AMD Ryzen 5 2600,13417
Intel Xeon E-2146G @ 3.50GHz,13324
Intel Xeon E5-2686 v3 @ 2.00GHz,13262
Intel Xeon E-2136 @ 3.30GHz,13223
Intel Xeon W-2133 @ 3.60GHz,13217
AMD Ryzen 5 1600X,13208
Intel Xeon E5-2687W v3 @ 3.10GHz,13166
Intel Xeon E5-2696 v2 @ 2.50GHz,13159
Intel Xeon E5-2676 v3 @ 2.40GHz,13135
Intel Xeon E5-2660 v3 @ 2.60GHz,13131
Intel Core i7-9750HF @ 2.60GHz,13060
Intel Xeon E5-1660 v4 @ 3.20GHz,13051
Intel Xeon E-2276M @ 2.80GHz,12968
Intel Xeon E-2186G @ 3.80GHz,12809
Intel Xeon E5-2683 v3 @ 2.00GHz,12731
Intel Xeon D-2141I @ 2.20GHz,12727
Intel Xeon E-2236 @ 3.40GHz,12671
Intel Xeon E5-1680 v3 @ 3.20GHz,12634
Intel Xeon E5-2695 v2 @ 2.40GHz,12590
AMD Ryzen 5 3500,12540
Intel Xeon E-2278GEL @ 2.00GHz,12533
AMD EPYC 7251,12529
Intel Xeon E5-2670 v3 @ 2.30GHz,12510
Intel Xeon E5-4627 v4 @ 2.60GHz,12496
AMD Ryzen 5 1600,12425
AMD EPYC 3251,12401
Intel Xeon E5-2650 v4 @ 2.20GHz,12395
Intel Xeon E5-2640 v4 @ 2.40GHz,12377
Intel Xeon E5-2658 v3 @ 2.20GHz,12296
Intel Core i7-5960X @ 3.00GHz,12270
Intel Xeon E5-4667 v3 @ 2.00GHz,12199
Intel Xeon E5-2667 v2 @ 3.30GHz,12109
AMD EPYC 7301,12085
Intel Xeon E-2276G @ 3.80GHz,12053
Intel Core i7-9850H @ 2.60GHz,12050
Intel Core i7-8700B @ 3.20GHz,12036
Intel Xeon E5-4660 v3 @ 2.10GHz,12026
Intel Xeon E5-2673 v3 @ 2.40GHz,12006
Intel Xeon D-2146NT @ 2.30GHz,11955
Intel Xeon E5-2690 v2 @ 3.00GHz,11874
Intel Xeon E5-2697 v2 @ 2.70GHz,11866
Intel Xeon E5-2680 v2 @ 2.80GHz,11838
Intel Xeon E5-2667 v3 @ 3.20GHz,11822
Intel Xeon E5-2650 v3 @ 2.30GHz,11817
Intel Xeon E5-2685 v3 @ 2.60GHz,11801
Intel Xeon E5-2687W v2 @ 3.40GHz,11730
Intel Xeon E-2186M @ 2.90GHz,11647
Intel Xeon E5-1660 v3 @ 3.00GHz,11635
Intel Core i7-6850K @ 3.60GHz,11631
Intel Xeon E-2176M @ 2.70GHz,11616
Intel Core i7-9750H @ 2.60GHz,11600
Intel Xeon Silver 4110 @ 2.10GHz,11584
Intel Xeon E5-1680 v2 @ 3.00GHz,11542
Intel Xeon E5-2673 v2 @ 3.30GHz,11533
Intel Core i7-9700T @ 2.00GHz,11494
Intel Xeon E5-2618L v4 @ 2.20GHz,11452
Intel Core i9-8950HK @ 2.90GHz,11442
Intel Core i7-9700TE @ 1.80GHz,11429
Intel Xeon E5-2630 v4 @ 2.20GHz,11337
Intel Xeon E5-2650L v4 @ 1.70GHz,11335
Intel Xeon E-2126G @ 3.30GHz,11247
Intel Core i5-9600K @ 3.70GHz,11244
Intel Xeon E5-1650 v4 @ 3.60GHz,11185
Intel Xeon E5-2692 v2 @ 2.20GHz,11167
AMD Ryzen 5 PRO 1600,11125
Intel Core i5-9600 @ 3.10GHz,11120
Intel Xeon W-2125 @ 4.00GHz,11111
AMD Ryzen 5 2500X,10997
Intel Xeon E5-2648L v4 @ 1.80GHz,10982
Intel Xeon E5-4669 v4 @ 2.20GHz,10959
Intel Xeon D-1557 @ 1.50GHz,10951
Intel Xeon D-1541 @ 2.10GHz,10929
Intel Xeon E5-2649 v3 @ 2.30GHz,10926
Intel Xeon E5-2675 v3 @ 1.80GHz,10904
Intel Xeon E5-4627 v3 @ 2.60GHz,10879
Intel Core i7-6800K @ 3.40GHz,10846
Intel Xeon Gold 5122 @ 3.60GHz,10831
Intel Xeon E5-4657L v2 @ 2.40GHz,10827
Intel Xeon Silver 4109T @ 2.00GHz,10816
Intel Core i5-9600KF @ 3.70GHz,10792
Intel Xeon E5-2643 v4 @ 3.40GHz,10781
Intel Xeon D-1540 @ 2.00GHz,10741
Intel Core i7-10710U @ 1.10GHz,10736
Intel Xeon E5-2663 v3 @ 2.80GHz,10703
Intel Xeon E-2226G @ 3.40GHz,10681
Intel Xeon E5-4620 v3 @ 2.00GHz,10681
Intel Xeon D-1548 @ 2.00GHz,10680
AMD Ryzen 5 PRO 1500,10607
Intel Core i7-5930K @ 3.50GHz,10575
Intel Core i7-8850H @ 2.60GHz,10553
Intel Xeon E5-2628L v4 @ 1.90GHz,10537
Intel Xeon E5-2643 v3 @ 3.40GHz,10531
Intel Core i5-9500F @ 3.00GHz,10522
Intel Xeon E5-2670 v2 @ 2.50GHz,10439
Intel Xeon @ 2.00GHz,10404
Intel Xeon E5-1650 v3 @ 3.50GHz,10380
Intel Core i5-8600K @ 3.60GHz,10370
Intel Xeon E5-2630L v4 @ 1.80GHz,10333
Intel Xeon E-2244G @ 3.80GHz,10308
Intel Core i7-8750H @ 2.20GHz,10288
Intel Core i5-8500B @ 3.00GHz,10287
AMD EPYC 3201,10220
Intel Core i7-8700T @ 2.40GHz,10180
Intel Xeon E-2274G @ 4.00GHz,10143
Intel Xeon E5-2640 v3 @ 2.60GHz,10139
Intel Xeon E5-2690 @ 2.90GHz,10043
Intel Xeon E5-2689 @ 2.60GHz,9990
Intel Xeon E5-2650L v3 @ 1.80GHz,9983
Intel Xeon E-2174G @ 3.80GHz,9943
Intel Core i5-8600 @ 3.10GHz,9928
Intel Xeon E5-2650 v2 @ 2.60GHz,9897
Intel Core i7-7700K @ 4.20GHz,9892
Intel Xeon E5-2687W @ 3.10GHz,9882
Intel Xeon Silver 4108 @ 1.80GHz,9851
Intel Xeon E5-2630 v3 @ 2.40GHz,9817
Intel Xeon E5-2670 @ 2.60GHz,9771
Intel Xeon E5-1660 v2 @ 3.70GHz,9767
Intel Xeon E-2144G @ 3.60GHz,9661
Intel Core i5-9400F @ 2.90GHz,9650
Intel Xeon D-1531 @ 2.20GHz,9643
Intel Core i5-8500 @ 3.00GHz,9569
Intel Core i7-4930K @ 3.40GHz,9561
AMD Ryzen 5 3400G,9553
Intel Xeon E5-2680 @ 2.70GHz,9549
Intel Core i5-10300H @ 2.50GHz,9501
Intel Core i7-5820K @ 3.30GHz,9479
AMD Ryzen 5 1500X,9472
Intel Xeon E5-4640 v3 @ 1.90GHz,9456
Intel Core i5-9600T @ 2.30GHz,9440
Intel Core i7-7740X @ 4.30GHz,9422
Intel Core i5-9400 @ 2.90GHz,9419
Intel Core i5-9500 @ 3.00GHz,9410
Intel Xeon E5-2643 v2 @ 3.50GHz,9394
Intel Xeon E5-2618L v3 @ 2.30GHz,9311
Intel Core i7-8559U @ 2.70GHz,9297
Intel Core i7-1065G7 @ 1.30GHz,9210
Intel Xeon E3-1285 v6 @ 4.10GHz,9210
Intel Core i5-8400 @ 2.80GHz,9162
Intel Xeon E5-2660 v2 @ 2.20GHz,9160
Intel Core i7-4960X @ 3.60GHz,9153
AMD Opteron 6348,9151
Intel Xeon E5-4655 v3 @ 2.90GHz,9150
AMD Ryzen 5 PRO 3400G,9149
Intel Core i7-9850HL @ 1.90GHz,9145
Intel Core i7-6700K @ 4.00GHz,9138
Intel Xeon W-2123 @ 3.60GHz,9106
Intel Xeon E5-2620 v4 @ 2.10GHz,9098
Intel Xeon E5-2628L v3 @ 2.00GHz,9070
Intel Xeon E5-2658 v2 @ 2.40GHz,9045
Intel Core i5-8600T @ 2.30GHz,9019
AMD Ryzen 5 PRO 3400GE,8970
Intel Core i5-1035G4 @ 1.10GHz,8953
Intel Core i7-3960X @ 3.30GHz,8942
AMD Ryzen 5 2400G,8935
Intel Core i7-8809G @ 3.10GHz,8919
Intel Core i5-8400H @ 2.50GHz,8918
Intel Core i5-3170K @ 3.20GHz,8882
Intel Core i7-7700 @ 3.60GHz,8875
Intel Xeon E5-4627 v2 @ 3.30GHz,8811
AMD Ryzen 3 2300X,8789
Intel Xeon E3-1280 v6 @ 3.90GHz,8786
Intel Xeon E-2134 @ 3.50GHz,8776
Intel Core i5-9400H @ 2.50GHz,8775
Intel Core i7-3970X @ 3.50GHz,8698
Intel Xeon D-1559 @ 1.50GHz,8687
Intel Xeon E5-2637 v4 @ 3.50GHz,8663
Intel Xeon E3-1270 v6 @ 3.80GHz,8635
Intel Core i5-9500T @ 2.20GHz,8615
Intel Xeon E5-1660 @ 3.30GHz,8582
AMD Ryzen 7 3750H,8540
Intel Core i5-8259U @ 2.30GHz,8512
Intel Xeon E3-1585 v5 @ 3.50GHz,8499
Intel Xeon E3-1275 v6 @ 3.80GHz,8469
Intel Xeon E5-4650L @ 2.60GHz,8460
Intel Xeon Silver 4112 @ 2.60GHz,8447
Intel Xeon E5-2665 @ 2.40GHz,8446
Intel Xeon D-1537 @ 1.70GHz,8445
Intel Xeon D-1539 @ 1.60GHz,8444
Intel Xeon E3-1270 v5 @ 3.60GHz,8437
Intel Core i5-1035G7 @ 1.20GHz,8400
Intel Xeon E5-1650 @ 3.20GHz,8382
AMD Ryzen 3 4300U,8364
Intel Xeon E5-2470 v2 @ 2.40GHz,8354
Intel Xeon E5-1630 v4 @ 3.70GHz,8300
Intel Core i7-4790K @ 4.00GHz,8275
Intel Core i5-8257U @ 1.40GHz,8269
Intel Xeon E5-2629 v3 @ 2.40GHz,8262
Intel Xeon E5-4648 v3 @ 1.70GHz,8261
AMD Ryzen 5 PRO 2400G,8254
Intel Core i5-8500T @ 2.10GHz,8233
Intel Xeon E5-1650 v2 @ 3.50GHz,8230
Intel Xeon E3-1275 v5 @ 3.60GHz,8224
Intel Xeon E3-1245 v5 @ 3.50GHz,8201
Intel Xeon E3-1575M v5 @ 3.00GHz,8198
AMD Ryzen 5 3550H,8193
Intel Xeon E5-2660 @ 2.20GHz,8179
Intel Core i5-9300H @ 2.40GHz,8176
Intel Xeon E3-1585L v5 @ 3.00GHz,8163
Intel Core i7-6700 @ 3.40GHz,8140
Intel Xeon E-2224 @ 3.40GHz,8140
Intel Xeon E3-1280 v5 @ 3.70GHz,8136
Intel Xeon E3-1245 v6 @ 3.70GHz,8130
Intel Xeon E3-1535M v6 @ 3.10GHz,8105
AMD Ryzen 3 PRO 1300,8091
Intel Xeon D-2123IT @ 2.20GHz,8081
Intel Core i7-8706G @ 3.10GHz,8078
Intel Core i5-8279U @ 2.40GHz,8051
AMD Ryzen 5 2400GE,8050
Intel Xeon E5-4650 @ 2.70GHz,8049
Intel Xeon E3-1240 v6 @ 3.70GHz,8038
Intel Core i7-3930K @ 3.20GHz,8024
Intel Xeon D-1528 @ 1.90GHz,8010
Intel Xeon E3-1515M v5 @ 2.80GHz,8004
AMD Ryzen 5 1400,7994
Intel Xeon E-2224G @ 3.50GHz,7994
Intel Core i7-7700T @ 2.90GHz,7989
Intel Xeon E-2124G @ 3.40GHz,7976
Intel Core i7-8557U @ 1.70GHz,7952
Intel Xeon E3-1240 v5 @ 3.50GHz,7934
Intel Xeon E5-2648L v2 @ 1.90GHz,7934
Intel Xeon E3-1545M v5 @ 2.90GHz,7927
Intel Xeon E5-2651 v2 @ 1.80GHz,7923
AMD Ryzen 5 PRO 3500U,7894
Intel Xeon E3-1260L v5 @ 2.90GHz,7885
Intel Core i7-8705G @ 3.10GHz,7876
Intel Core i7-7820HK @ 2.90GHz,7874
AMD Ryzen Embedded V1807B,7830
Intel Xeon E5-2470 @ 2.30GHz,7822
Intel Core i3-9350KF @ 4.00GHz,7808
Intel Core i5-8400T @ 1.70GHz,7792
Intel Xeon E5-2648L v3 @ 1.80GHz,7781
Intel Core i5-9400T @ 1.80GHz,7779
Intel Core i7-5775C @ 3.30GHz,7762
Intel Core i7-6770HQ @ 2.60GHz,7688
Intel Core i7-7920HQ @ 3.10GHz,7686
Intel Core i5-1035G1 @ 1.00GHz,7683
AMD Ryzen 5 PRO 2400GE,7647
Intel Xeon E3-1230 v6 @ 3.50GHz,7647
Intel Xeon E3-1505M v6 @ 3.00GHz,7647
Intel Core i7-6920HQ @ 2.90GHz,7635
AMD Ryzen Embedded V1756B,7627
Intel Xeon E-2254ML @ 1.70GHz,7627
Intel Xeon X5679 @ 3.20GHz,7616
Intel Core i7-6700T @ 2.80GHz,7607
Intel Core i7-7820HQ @ 2.90GHz,7604
Intel Xeon E5-1630 v3 @ 3.70GHz,7600
Intel Xeon E3-1285L v4 @ 3.40GHz,7599
Intel Core i7-6820HK @ 2.70GHz,7596
AMD Ryzen 7 2800H,7573
Intel Xeon E5-4640 @ 2.40GHz,7571
Intel Xeon E-2124 @ 3.30GHz,7551
Intel Xeon E5-2630 v2 @ 2.60GHz,7551
Intel Xeon E5-2620 v3 @ 2.40GHz,7550
Intel Core i7-5775R @ 3.30GHz,7541
Intel Xeon E3-1271 v3 @ 3.60GHz,7536
Intel Xeon E5-2667 @ 2.90GHz,7533
AMD Ryzen 7 PRO 2700U,7515
Intel Core i3-9320 @ 3.70GHz,7499
Intel Core i7-8709G @ 3.10GHz,7496
Intel Xeon E3-1286 v3 @ 3.70GHz,7495
Intel Xeon E5-1620 v4 @ 3.50GHz,7485
Intel Core i5-8300H @ 2.30GHz,7471
AMD Ryzen 7 3780U,7467
Intel Core i7-995X @ 3.60GHz,7459
AMD Ryzen 5 2600H,7456
Intel Core i7-5950HQ @ 2.90GHz,7453
Intel Xeon E3-1230 v5 @ 3.40GHz,7410
Intel Xeon E5-2450 @ 2.10GHz,7408
Intel Core i3-9300 @ 3.70GHz,7406
Intel Xeon E3-1270L v4 @ 3.00GHz,7390
AMD Ryzen 3 PRO 3200GE,7371
Intel Xeon W-2104 @ 3.20GHz,7355
Intel Xeon E5-2650 @ 2.00GHz,7346
Intel Xeon E5-2640 v2 @ 2.00GHz,7322
Intel Core i7-10510U @ 1.80GHz,7320
Intel Core i5-7640X @ 4.00GHz,7316
Intel Xeon E3-1285 v3 @ 3.60GHz,7316
AMD Ryzen 3 3200G,7310
Intel Xeon E5-2637 v3 @ 3.50GHz,7289
Intel Xeon E3-1241 v3 @ 3.50GHz,7268
Intel Xeon W3690 @ 3.47GHz,7266
Intel Xeon E3-1285 v4 @ 3.50GHz,7265
AMD Ryzen 7 3700U,7257
Intel Core i7-4790 @ 3.60GHz,7239
Intel Xeon X5690 @ 3.47GHz,7232
AMD Ryzen 5 3500U,7229
Intel Xeon E3-1505M v5 @ 2.80GHz,7227
AMD Ryzen 3 1300X,7225
Intel Core i7-990X @ 3.47GHz,7219
Intel Xeon E3-1270 v3 @ 3.50GHz,7218
AMD Ryzen 3 PRO 3200G,7212
Intel Core i7-4770K @ 3.50GHz,7211
Intel Xeon E3-1535M v5 @ 2.90GHz,7181
AMD Ryzen 5 3580U,7176
Intel Core i7-8665U @ 1.90GHz,7160
Intel Xeon W3680 @ 3.33GHz,7156
AMD Opteron 6386 SE,7130
Intel Xeon E3-1246 v3 @ 3.50GHz,7117
AMD Ryzen 7 PRO 3700U,7111
AMD Ryzen 3 PRO 1200,7081
Intel Xeon E5-4620 @ 2.20GHz,7075
Intel Xeon E3-1240 v3 @ 3.40GHz,7072
Intel Xeon E5-2630L v3 @ 1.80GHz,7068
Intel Core i7-4770 @ 3.40GHz,7064
Intel Xeon E3-1231 v3 @ 3.40GHz,7040
Intel Xeon E3-1276 v3 @ 3.60GHz,7033
Intel Core i3-9100F @ 3.60GHz,7017
Intel Xeon X5680 @ 3.33GHz,7015
Intel Core i7-7820EQ @ 3.00GHz,7009
Intel Xeon E5-1620 v3 @ 3.50GHz,6999
Intel Core i5-10210U @ 1.60GHz,6995
Intel Xeon D-1521 @ 2.40GHz,6980
Intel Xeon E5-2623 v4 @ 2.60GHz,6980
Intel Core i7-4980HQ @ 2.80GHz,6979
AMD FX-9590 Eight-Core,6966
Intel Core i5-8350U @ 1.70GHz,6944
Intel Xeon W-2102 @ 2.90GHz,6918
Intel Xeon E3-1245 v3 @ 3.40GHz,6915
Intel Core i5-8305G @ 2.80GHz,6898
Intel Xeon Platinum 8151 @ 3.40GHz,6889
Intel Xeon E5-2650L v2 @ 1.70GHz,6888
Intel Core i3-8350K @ 4.00GHz,6874
Intel Core i3-9100 @ 3.60GHz,6871
Intel Core i7-6820HQ @ 2.70GHz,6869
Intel Core i5-8365U @ 1.60GHz,6868
AMD Ryzen 3 2200G,6863
Intel Core i3-8100B @ 3.60GHz,6854
Intel Core i7-4900MQ @ 2.80GHz,6853
Intel Core i7-4820K @ 3.70GHz,6839
Intel Xeon E3-1281 v3 @ 3.70GHz,6839
Intel Core i7-7700HQ @ 2.80GHz,6836
Intel Core i7-980X @ 3.33GHz,6831
AMD Ryzen 7 2700U,6829
Intel Xeon Bronze 3106 @ 1.70GHz,6827
Intel Core i7-6820EQ @ 2.80GHz,6819
Intel Xeon E3-1285L v3 @ 3.10GHz,6819
Intel Core i7-5850EQ @ 2.70GHz,6786
Intel Core i7-8665UE @ 1.70GHz,6769
AMD Ryzen 5 2500U,6764
Intel Xeon E3-1280 v3 @ 3.60GHz,6764
Intel Xeon E5-2430 v2 @ 2.50GHz,6744
Intel Core i7-4771 @ 3.50GHz,6736
Intel Xeon E3-1230 v3 @ 3.30GHz,6735
Intel Xeon E5-2623 v3 @ 3.00GHz,6730
Intel Core i7-4770S @ 3.10GHz,6707
Intel Core i7-980 @ 3.33GHz,6704
Intel Core i7-8565U @ 1.80GHz,6698
Intel Xeon E5-4610 @ 2.40GHz,6691
Intel Core i7-6700TE @ 2.40GHz,6672
Intel Xeon E3-1268L v5 @ 2.40GHz,6672
AMD Ryzen 3 PRO 2200G,6670
Intel Core i5-7600 @ 3.50GHz,6670
Intel Core i7-4960HQ @ 2.60GHz,6669
Intel Core i7-4940MX @ 3.10GHz,6668
Intel Core i5-7600K @ 3.80GHz,6655
AMD Opteron 6380,6634
Intel Xeon W3670 @ 3.20GHz,6630
Intel Core i7-970 @ 3.20GHz,6628
Intel Core i7-5850HQ @ 2.70GHz,6622
Intel Xeon E5-4610 v3 @ 1.70GHz,6591
Intel Core i7-4770R @ 3.20GHz,6587
Intel Atom C3958 @ 2.00GHz,6586
Intel Core i7-6700HQ @ 2.60GHz,6586
Intel Xeon E5-1620 v2 @ 3.70GHz,6564
Intel Xeon E5-2628L v2 @ 1.90GHz,6557
Intel Core i7-4910MQ @ 2.90GHz,6554
AMD Ryzen Embedded V1605B,6550
Intel Core i7-8650U @ 1.90GHz,6540
Intel Xeon E5-4617 @ 2.90GHz,6524
Intel Xeon E3-1286L v3 @ 3.20GHz,6517
Intel Core i5-6600K @ 3.50GHz,6504
Intel Core i7-4930MX @ 3.00GHz,6498
Intel Xeon Bronze 3204 @ 1.90GHz,6498
Intel Core i3-9300T @ 3.20GHz,6489
Intel Xeon E3-1270 V2 @ 3.50GHz,6477
Intel Xeon X5677 @ 3.47GHz,6474
Intel Core i5-8265U @ 1.60GHz,6473
Intel Xeon E5-2637 v2 @ 3.50GHz,6454
Intel Xeon E3-1240 V2 @ 3.40GHz,6445
Intel Core i7-3770 @ 3.40GHz,6439
Intel Xeon E5-4607 v2 @ 2.60GHz,6437
Intel Core i3-8300 @ 3.70GHz,6428
Intel Core i7-3770K @ 3.50GHz,6424
Intel Xeon E5-2440 v2 @ 1.90GHz,6383
Intel Xeon E3-1275 v3 @ 3.50GHz,6370
Intel Core i7-4790S @ 3.20GHz,6360
Intel Core i5-8250U @ 1.60GHz,6348
Intel Core i7-4770HQ @ 2.20GHz,6346
Intel Xeon E5-2630L v2 @ 2.40GHz,6343
Intel Xeon X5670 @ 2.93GHz,6337
Intel Core i5-7500 @ 3.40GHz,6336
Intel Core i7-4760HQ @ 2.10GHz,6330
Intel Core i7-3770S @ 3.10GHz,6323
AMD FX-9370 Eight-Core,6320
Intel Core i3-8100 @ 3.60GHz,6315
AMD Ryzen 3 1200,6305
Intel Xeon E5-2658 @ 2.10GHz,6291
Intel Xeon E5-2640 @ 2.50GHz,6285
Intel Xeon E3-1265L v4 @ 2.30GHz,6262
Intel Xeon E3-1225 v6 @ 3.30GHz,6252
Intel Core i7-4790T @ 2.70GHz,6249
Intel Xeon E5-2448L v2 @ 1.80GHz,6242
AMD Opteron 6287 SE,6241
Intel Core i7-3840QM @ 2.80GHz,6239
Intel Xeon E-2104G @ 3.20GHz,6238
Intel Core i5-6600 @ 3.30GHz,6230
AMD FX-8370 Eight-Core,6224
Intel Core i7-4860HQ @ 2.40GHz,6224
Intel Xeon E5-2630 @ 2.30GHz,6223
Intel Xeon E3-1230 V2 @ 3.30GHz,6218
Intel Xeon E3-1245 V2 @ 3.40GHz,6216
Intel Xeon E3-1265L v3 @ 2.50GHz,6214
Intel Core i5-8365UE @ 1.60GHz,6210
Intel Core i5-7600T @ 2.80GHz,6183
Intel Xeon E3-1275L v3 @ 2.70GHz,6174
Intel Xeon E5-2420 v2 @ 2.20GHz,6172
Intel Xeon X5660 @ 2.80GHz,6169
AMD Ryzen 5 PRO 2500U,6168
AMD Opteron 6344,6167
Intel Xeon E5-2440 @ 2.40GHz,6149
Intel Core i7-4870HQ @ 2.50GHz,6128
AMD Ryzen 3 2200GE,6123
AMD Ryzen 3 PRO 2200GE,6080
Intel Xeon E3-1225 v5 @ 3.30GHz,6078
Intel Xeon E3-1220 v5 @ 3.00GHz,6077
Intel Core i5-7440HQ @ 2.80GHz,6072
Intel Xeon E3-1290 V2 @ 3.70GHz,6056
Intel Xeon E5-1428L v2 @ 2.20GHz,6050
AMD FX-8350 Eight-Core,6045
Intel Xeon E3-1505L v6 @ 2.20GHz,6045
Intel Xeon E5-1620 @ 3.60GHz,6040
AMD Ryzen 3 PRO 3300U,6038
Intel Core i5-8265UC @ 1.60GHz,6034
Intel Core i7-8550U @ 1.80GHz,6034
Intel Core i7-4850HQ @ 2.30GHz,6026
Intel Xeon E5-2620 v2 @ 2.10GHz,6023
Intel Core i7-4720HQ @ 2.60GHz,6011
Intel Xeon E5-1607 v4 @ 3.10GHz,6000
Intel Core i7-4810MQ @ 2.80GHz,5996
Intel Xeon E5-2650L @ 1.80GHz,5986
AMD Opteron 6378,5984
Intel Core i7-4800MQ @ 2.70GHz,5982
Intel Core i7-4770T @ 2.50GHz,5960
Intel Xeon E3-1220 v6 @ 3.00GHz,5953
Intel Xeon D-1518 @ 2.20GHz,5944
Intel Xeon E3-1240L v5 @ 2.10GHz,5944
Intel Core i3-9100T @ 3.10GHz,5941
Intel Core i3-8300T @ 3.20GHz,5938
Intel Core i7-3820 @ 3.60GHz,5896
Intel Xeon X5675 @ 3.07GHz,5879
Intel Core i7-5675C @ 3.10GHz,5872
Intel Core i7-4750HQ @ 2.00GHz,5860
Intel Xeon E5-2608L v3 @ 2.00GHz,5849
Intel Core i5-5675C @ 3.10GHz,5848
Intel Xeon E3-1275 V2 @ 3.50GHz,5819
Intel Core i7-4710MQ @ 2.50GHz,5803
Intel Xeon E3-1280 V2 @ 3.60GHz,5799
Intel Core i5-6402P @ 2.80GHz,5791
AMD Ryzen 3 PRO 2300U,5790
Intel Xeon E5-2430 @ 2.20GHz,5788
Intel Xeon E5-2450L @ 1.80GHz,5787
Intel Core i7-3820QM @ 2.70GHz,5778
AMD Opteron 4274 HE,5776
Intel Core i5-6600T @ 2.70GHz,5764
ZHAOXIN KaiXian KX-U6780A@2.7GHz,5761
Intel Xeon Bronze 3104 @ 1.70GHz,5760
AMD A8-7500,5755
AMD Opteron 6282 SE,5754
Intel Xeon E5-2643 @ 3.30GHz,5750
Intel Core i5-6500 @ 3.20GHz,5729
Intel Core i7-3720QM @ 2.60GHz,5729
Intel Core i5-5675R @ 3.10GHz,5720
Intel Core i7-5700HQ @ 2.70GHz,5705
AMD FX-8370E Eight-Core,5704
Intel Core i7-3740QM @ 2.70GHz,5701
Intel Core i7-5700EQ @ 2.60GHz,5695
AMD Opteron 6174,5688
Intel Xeon E5-2609 v4 @ 1.70GHz,5682
Intel Core i5-4670K @ 3.40GHz,5679
Intel Core i7-4722HQ @ 2.40GHz,5678
AMD Opteron 6376,5662
Intel Core i5-7400 @ 3.00GHz,5656
Intel Xeon E5649 @ 2.53GHz,5650
Intel Xeon E3-1205 v6 @ 3.00GHz,5641
Intel Xeon E5-2630L @ 2.00GHz,5630
Intel Core i5-4690 @ 3.50GHz,5627
Intel Xeon E5-1410 v2 @ 2.80GHz,5604
Intel Xeon X5650 @ 2.67GHz,5604
Intel Xeon X5687 @ 3.60GHz,5589
Intel Core i5-4690K @ 3.50GHz,5578
AMD Opteron 6276,5572
Intel Core i5-7500T @ 2.70GHz,5571
Intel Xeon E3-1226 v3 @ 3.30GHz,5560
Intel Core i5-4670 @ 3.40GHz,5520
Intel Core i7-3940XM @ 3.00GHz,5514
AMD Ryzen 3 2300U,5499
Intel Core i7-4785T @ 2.20GHz,5498
AMD Opteron 6176 SE,5483
AMD Ryzen 3 3300U,5471
Intel Core i7-3920XM @ 2.90GHz,5456
Intel Core i7-2600K @ 3.40GHz,5452
Intel Xeon E5-2430L @ 2.00GHz,5451
Intel Core i5-4590 @ 3.30GHz,5449
Intel Core i3-1005G1 @ 1.20GHz,5447
Intel Core i7-3610QM @ 2.30GHz,5445
Intel Core i7-4702HQ @ 2.20GHz,5442
Intel Core i5-760S @ 2.53GHz,5440
Intel Core i5-6440EQ @ 2.70GHz,5426
Intel Core i7-4700HQ @ 2.40GHz,5424
Intel Xeon X5672 @ 3.20GHz,5419
Intel Core i7-4710HQ @ 2.50GHz,5414
AMD FX-8300 Eight-Core,5396
Intel Xeon E5645 @ 2.40GHz,5393
Intel Xeon E3-1270 @ 3.40GHz,5392
Intel Xeon E3-1268L v3 @ 2.30GHz,5388
Intel Core i3-8100T @ 3.10GHz,5371
Intel Core i5-4690S @ 3.20GHz,5364
Intel Xeon E5-1607 v3 @ 3.10GHz,5364
Intel Core i5-5575R @ 2.80GHz,5352
AMD Opteron 6164 HE,5351
Intel Core i5-4670R @ 3.00GHz,5347
Intel Core i7-2600 @ 3.40GHz,5343
Intel Core i7-4700MQ @ 2.40GHz,5339
Intel Core i7-4712MQ @ 2.30GHz,5332
Intel Core i7-4860EQ @ 1.80GHz,5329
Intel Xeon E3-1225 v3 @ 3.20GHz,5315
Intel Core i7-6822EQ @ 2.00GHz,5298
Intel Core i5-6400 @ 2.70GHz,5295
Intel Core i5-6440HQ @ 2.60GHz,5292
Intel Core i5-4570 @ 3.20GHz,5291
Intel Core i7-3630QM @ 2.40GHz,5282
Intel Core i5-4670S @ 3.10GHz,5280
Intel Core i7-4712HQ @ 2.30GHz,5279
AMD Opteron 6172,5261
Intel Core i7-2700K @ 3.50GHz,5237
AMD FX-8320 Eight-Core,5233
Intel Xeon X5667 @ 3.07GHz,5226
Intel Core i5-4590S @ 3.00GHz,5224
Intel Core i5-6500TE @ 2.30GHz,5211
Intel Xeon E5-1603 v4 @ 2.80GHz,5209
AMD Opteron 6136,5202
Intel Xeon E3-1220 v3 @ 3.10GHz,5181
Intel Core i5-7300HQ @ 2.50GHz,5170
AMD Opteron 6328,5167
Intel Core i7-3615QE @ 2.30GHz,5120
Intel Xeon E3-1240L v3 @ 2.00GHz,5115
Intel Xeon D-1520 @ 2.20GHz,5114
AMD FX-8320E Eight-Core,5113
Intel Core i5-4570S @ 2.90GHz,5112
Intel Xeon E5-2620 @ 2.00GHz,5110
AMD FX-8310 Eight-Core,5108
Intel Core i7-4702MQ @ 2.20GHz,5106
Intel Xeon L5640 @ 2.27GHz,5100
Intel Core i5-4670K CPT @ 3.40GHz,5087
Intel Core i3-7350K @ 4.20GHz,5073
AMD Opteron 6238,5070
Intel Xeon E3-1235L v5 @ 2.00GHz,5068
Intel Core i7-3770T @ 2.50GHz,5054
Intel Xeon E5-1410 @ 2.80GHz,5024
Intel Xeon E3-1290 @ 3.60GHz,5018
Intel Core i5-6500T @ 2.50GHz,5009
Intel Core i7-4700EQ @ 2.40GHz,4992
AMD Athlon PRO 300GE,4976
Intel Core i7-3635QM @ 2.40GHz,4967
AMD Athlon 300GE,4955
Intel Core i3-7320 @ 4.10GHz,4953
Intel Core i5-3570K @ 3.40GHz,4953
Intel Core i5-7400T @ 2.40GHz,4949
AMD Opteron 6366 HE,4937
Intel Xeon E3-1505L v5 @ 2.00GHz,4891
Intel Core i5-3570 @ 3.40GHz,4889
Intel Xeon E3-1280 @ 3.50GHz,4883
Intel Xeon E3-1230 @ 3.20GHz,4881
Intel Xeon E5-2420 @ 1.90GHz,4880
Intel Core i3-7300 @ 4.00GHz,4872
Intel Atom C3858 @ 2.00GHz,4853
Intel Core i5-4460 @ 3.20GHz,4850
Intel Core i5-10210Y @ 1.00GHz,4849
Intel Xeon E5-1603 v3 @ 2.80GHz,4849
AMD Athlon 240GE,4842
Intel Xeon E3-1265L V2 @ 2.50GHz,4840
Intel Core i5-4570R @ 2.70GHz,4810
Intel Core i5-7442EQ @ 2.10GHz,4799
Intel Xeon X5647 @ 2.93GHz,4765
Intel Core i7-2860QM @ 2.50GHz,4749
AMD Opteron 2435,4709
Intel Core i5-3550 @ 3.30GHz,4700
Intel Xeon E3-1220 V2 @ 3.10GHz,4699
Intel Xeon E3-1225 V2 @ 3.20GHz,4693
Intel Core i5-3470 @ 3.20GHz,4682
Intel Core i3-8121U @ 2.20GHz,4681
Intel Core i3-6320 @ 3.90GHz,4666
Intel Xeon L5639 @ 2.13GHz,4656
AMD Athlon 220GE,4642
AMD Athlon 3000G,4635
Intel Core i7-4765T @ 2.00GHz,4629
Intel Core i7-3610QE @ 2.30GHz,4628
Intel Xeon E5-2430L v2 @ 2.40GHz,4620
AMD Ryzen Embedded V1404I,4616
AMD FX-8120 Eight-Core,4612
Intel Xeon E3-1230L v3 @ 1.80GHz,4595
Intel Core i3-6300 @ 3.80GHz,4592
Intel Core i7-3612QE @ 2.10GHz,4582
Intel Core i5-4690T @ 2.50GHz,4569
Intel Core i5-6442EQ @ 1.90GHz,4568
Intel Core i5-6300HQ @ 2.30GHz,4558
Intel Xeon E3-1240 @ 3.30GHz,4558
AMD Ryzen 3 PRO 2100GE,4556
Intel Core i3-8109U @ 3.00GHz,4554
Intel Core i5-4430 @ 3.00GHz,4554
AMD FX-6330 Six-Core,4551
Intel Xeon E3-1245 @ 3.30GHz,4549
Intel Core i5-4440 @ 3.10GHz,4538
Intel Core i5-4440S @ 2.80GHz,4532
Intel Core i5-4460S @ 2.90GHz,4522
AMD Opteron 2431,4516
Intel Xeon E5-2609 v3 @ 1.90GHz,4514
Intel Core i5-3450 @ 3.10GHz,4497
Intel Core i7-2600S @ 2.80GHz,4487
Intel Core i7-2960XM @ 2.70GHz,4487
Intel Core i7-3632QM @ 2.20GHz,4476
Intel Xeon E5-2603 v4 @ 1.70GHz,4466
AMD FX-8140 Eight-Core,4464
AMD Opteron 4386,4449
Intel Xeon L5638 @ 2.00GHz,4448
Intel Core i7-7660U @ 2.50GHz,4446
Intel Core i5-6400T @ 2.20GHz,4432
Intel Xeon E3-1235 @ 3.20GHz,4431
AMD Opteron 4184,4419
Intel Xeon E3-1275 @ 3.40GHz,4402
Intel Core i7-3612QM @ 2.10GHz,4401
Intel Xeon E5-2648L @ 1.80GHz,4387
Intel Xeon E5-1607 v2 @ 3.00GHz,4375
AMD FX-8150 Eight-Core,4371
AMD Ryzen Embedded R1606G,4361
Intel Core i5-3550S @ 3.00GHz,4361
Intel Core i7-2820QM @ 2.30GHz,4356
AMD Opteron 6128,4347
Intel Core i3-10110U @ 2.10GHz,4325
Intel Core i5-4670T @ 2.30GHz,4306
AMD FX-6350 Six-Core,4304
Intel Core i5-7360U @ 2.30GHz,4292
Intel Core i3-7100 @ 3.90GHz,4291
Intel Core i7-3615QM @ 2.30GHz,4290
Intel Core i3-6100 @ 3.70GHz,4289
AMD Opteron 6220,4283
AMD Athlon 200GE,4276
AMD Opteron 6272,4260
Intel Pentium Gold G5600F @ 3.90GHz,4241
AMD Ryzen Embedded R1505G,4236
Intel Xeon E5640 @ 2.67GHz,4233
Intel Core i5-2500 @ 3.30GHz,4224
Intel Core i5-3330 @ 3.00GHz,4215
AMD Opteron 4284,4204
AMD Opteron 3380,4201
AMD Athlon 300U,4198
AMD Opteron 3365,4181
Intel Pentium Gold G5620 @ 4.00GHz,4181
Intel Core i5-3570S @ 3.10GHz,4179
Intel Core i3-6300T @ 3.30GHz,4168
Intel Core i5-4590T @ 2.00GHz,4165
Intel Core i5-4430S @ 2.70GHz,4162
Intel Pentium Gold G5420T @ 3.20GHz,4158
Intel Core i7-6567U @ 3.30GHz,4150
Intel Core i5-3475S @ 2.90GHz,4139
Intel Core i5-7260U @ 2.20GHz,4132
Intel Core i3-6098P @ 3.60GHz,4128
Intel Core i7-2720QM @ 2.20GHz,4125
AMD PRO A12-9800,4124
Intel Core i3-7300T @ 3.50GHz,4118
Intel Core i5-3340 @ 3.10GHz,4098
AMD Athlon PRO 200GE,4095
Intel Core i5-3350P @ 3.10GHz,4093
AMD PRO A12-8870,4084
Intel Core i3-8145U @ 2.10GHz,4064
Intel Core i5-3450S @ 2.80GHz,4064
Intel Core i7-7560U @ 2.40GHz,4061
AMD Opteron 4280,4059
Intel Core i5-2500K @ 3.30GHz,4050
Intel Pentium Gold G5600 @ 3.90GHz,4041
Intel Core i7-985 @ 3.47GHz,4034
AMD FX-6300 Six-Core,4025
Intel Xeon E5-2603 v3 @ 1.60GHz,4019
AMD PRO A10-8850B,4014
AMD FX-6200 Six-Core,4013
AMD Opteron 4334,4013
Intel Core i7-2920XM @ 2.50GHz,4013
AMD Ryzen 3 3200U,4010
Intel Core i7-2760QM @ 2.40GHz,4001
Intel Core i3-4370 @ 3.80GHz,3978
Intel Core i5-7287U @ 3.30GHz,3964
Intel Core i5-3570T @ 2.30GHz,3961
Intel Pentium G4620 @ 3.70GHz,3956
AMD Ryzen 3 2200U,3955
Intel Core i3-7101TE @ 3.40GHz,3955
Intel Core i3-7100T @ 3.40GHz,3937
AMD FX-6130 Six-Core,3923
Intel Pentium Gold G5420 @ 3.80GHz,3895
Intel Core i7-2840QM @ 2.40GHz,3865
AMD PRO A10-8770,3859
Intel Xeon E5630 @ 2.53GHz,3859
AMD FX-6100 Six-Core,3857
Intel Core i7-6650U @ 2.20GHz,3852
Intel Pentium Gold G5500 @ 3.80GHz,3841
Intel Xeon L7455 @ 2.13GHz,3836
Intel Pentium G4600 @ 3.60GHz,3832
Intel Core i5-2400 @ 3.10GHz,3825
Intel Core i5-2550K @ 3.40GHz,3817
AMD Opteron 8439 SE,3813
Intel Pentium D1508 @ 2.20GHz,3813
AMD Athlon X4 845,3805
Intel Core i7-7600U @ 2.80GHz,3796
Intel Core i5-7300U @ 2.60GHz,3795
Intel Pentium Gold G5400 @ 3.70GHz,3794
Intel Xeon E5620 @ 2.40GHz,3794
Intel Core i5-3340S @ 2.80GHz,3792
Intel Core i3-6100T @ 3.20GHz,3791
Intel Core i7-2670QM @ 2.20GHz,3789
Intel Xeon E3-1225 @ 3.10GHz,3782
AMD Opteron 4332 HE,3775
AMD Phenom II X6 1100T,3769
AMD A10-8850,3765
AMD A10-7890K,3763
AMD Athlon X4 870K,3759
AMD A12-9800,3758
Intel Xeon E3-1220 @ 3.10GHz,3753
Intel Xeon E5-2609 v2 @ 2.50GHz,3752
AMD PRO A10-9700,3731
Intel Core i7-2710QE @ 2.10GHz,3726
Intel Xeon E5-1607 @ 3.00GHz,3726
Intel Pentium Gold G5400T @ 3.10GHz,3717
Intel Xeon E5-2407 v2 @ 2.40GHz,3717
Intel Core i7-7567U @ 3.50GHz,3716
AMD Athlon X4 880K,3714
Intel Atom C2750 @ 2.40GHz,3694
AMD Ryzen Embedded V1202B,3693
Intel Core i3-4340 @ 3.60GHz,3682
AMD A8-7680,3678
Intel Core i5-3335S @ 2.70GHz,3673
AMD Opteron 6234,3669
AMD FX-6120 Six-Core,3665
AMD Opteron 4170 HE,3665
Intel Core i3-4360 @ 3.70GHz,3659
Intel Core i5-2310 @ 2.90GHz,3649
AMD Opteron 6212,3646
Intel Xeon E5-2418L @ 2.00GHz,3644
Intel Xeon X5698 @ 4.40GHz,3632
Intel Xeon E5-1603 @ 2.80GHz,3628
Intel Core i7-6600U @ 2.60GHz,3624
Intel Xeon W5590 @ 3.33GHz,3624
AMD Opteron 3280,3622
AMD Phenom II X6 1090T,3619
Intel Core i3-4170 @ 3.70GHz,3612
Intel Core i5-3330S @ 2.70GHz,3612
Intel Core i3-4330 @ 3.50GHz,3607
Intel Pentium G4560 @ 3.50GHz,3606
Intel Core i5-4460T @ 1.90GHz,3598
Intel Core i5-2450P @ 3.20GHz,3597
Intel Core i7-975 @ 3.33GHz,3586
AMD A10-7870K,3580
Intel Xeon W3580 @ 3.33GHz,3580
Intel Core i3-4350 @ 3.60GHz,3578
Intel Core i7-7500U @ 2.70GHz,3569
AMD FX-8100 Eight-Core,3563
Intel Core i3-8130U @ 2.20GHz,3562
AMD PRO A8-9600,3551
Intel Xeon W5580 @ 3.20GHz,3544
Intel Core i7-6560U @ 2.20GHz,3536
AMD FX-4330,3523
Intel Core i5-6287U @ 3.10GHz,3523
Intel Core i5-7267U @ 3.10GHz,3521
Intel Core i5-3470S @ 2.90GHz,3519
AMD Athlon X4 950,3518
Intel Xeon E5-4603 @ 2.00GHz,3512
Intel Xeon L5630 @ 2.13GHz,3501
AMD Embedded R-Series RX-418GD Radeon R6,3492
AMD FX-4350 Quad-Core,3491
Intel Core i5-2320 @ 3.00GHz,3487
AMD A8-8650,3481
Intel Core i3-4160 @ 3.60GHz,3479
Intel Core i7-2630QM @ 2.00GHz,3470
Intel Xeon E3-1260L @ 2.40GHz,3468
Intel Xeon X3480 @ 3.07GHz,3464
Intel Pentium Silver J5040 @ 2.00GHz,3459
AMD A8-7670K,3452
Intel Core i5-2380P @ 3.10GHz,3452
Intel Xeon W3570 @ 3.20GHz,3447
Intel Core i3-4150 @ 3.50GHz,3442
Intel Core i7-4610M @ 3.00GHz,3441
AMD Phenom II X6 1405T,3434
Intel Core i7-6498DU @ 2.50GHz,3434
AMD A10-7860K,3423
Intel Core i5-6360U @ 2.00GHz,3421
Intel Core i7-5557U @ 3.10GHz,3420
AMD Athlon X4 860K,3412
Intel Core i5-2500S @ 2.70GHz,3404
AMD A8-9600,3402
Intel Core i5-7200U @ 2.50GHz,3402
Intel Core i3-4370T @ 3.30GHz,3401
Intel Core i7-4578U @ 3.00GHz,3395
AMD FX-870K Quad Core,3391
AMD A12-9800E,3390
Intel Core i3-6100TE @ 2.70GHz,3390
Intel Core i7-4600M @ 2.90GHz,3386
Intel Core i5-2300 @ 2.80GHz,3384
AMD A10-8750,3369
Intel Core i5-4310M @ 2.70GHz,3369
AMD PRO A10-9700E,3367
AMD A10-6800K APU,3365
Intel Core i3-6100E @ 2.70GHz,3351
Intel Atom C2750 @ 2.41GHz,3345
Intel Core i5-6300U @ 2.40GHz,3341
Intel Core i7-6500U @ 2.50GHz,3338
Intel Core i7-880 @ 3.07GHz,3335
Intel Core i3-7167U @ 2.80GHz,3334
Intel Xeon E3-1265L @ 2.40GHz,3331
Intel Core i5-4340M @ 2.90GHz,3323
Intel Xeon X3470 @ 2.93GHz,3318
AMD Opteron 4365 EE,3316
AMD PRO A10-8750B,3312
AMD FX-4320,3308
Intel Core i7-4770TE @ 2.30GHz,3304
Intel Xeon W3565 @ 3.20GHz,3300
Intel Xeon L5609 @ 1.87GHz,3298
Intel Core i5-4570T @ 2.90GHz,3296
AMD A10-7700K APU,3286
Intel Core i5-4400E @ 2.70GHz,3284
AMD PRO A10-8770E,3281
Intel Core i3-4570T @ 2.90GHz,3277
Intel Xeon X5570 @ 2.93GHz,3275
Intel Core i5-6260U @ 1.80GHz,3273
Intel Core i3-4350T @ 3.10GHz,3271
Intel Core i5-2400S @ 2.50GHz,3271
Intel Pentium G4600T @ 3.00GHz,3270
Intel Xeon W3550 @ 3.07GHz,3267
AMD A10-6790K APU,3262
Intel Core i3-6100H @ 2.70GHz,3261
AMD Opteron X3421 APU,3256
Intel Core i5-5287U @ 2.90GHz,3254
AMD Phenom II X6 1055T,3250
Intel Core i3-4130 @ 3.40GHz,3249
AMD A10-7850K APU,3247
Intel Core i7-2715QE @ 2.10GHz,3241
AMD A8-7600 APU,3232
Intel Core i5-5257U @ 2.70GHz,3232
AMD PRO A12-8870E,3230
Intel Xeon X3460 @ 2.80GHz,3230
AMD Phenom II X6 1065T,3228
AMD A10-6700 APU,3227
AMD A8-6600K APU,3223
AMD A10-9700,3221
Intel Core i3-7100H @ 3.00GHz,3214
AMD FX-4170 Quad-Core,3213
Intel Pentium Gold G5500T @ 3.20GHz,3213
AMD PRO A12-9800E,3201
Intel Core i3-4360T @ 3.20GHz,3197
Intel Core i5-4570TE @ 2.70GHz,3191
Intel Core i3-4170T @ 3.20GHz,3182
AMD PRO A8-8670E,3172
Intel Core i5-4200H @ 2.80GHz,3169
AMD Opteron 4162 EE,3167
AMD Embedded R-Series RX-421BD,3164
Intel Atom C2758 @ 2.40GHz,3163
AMD PRO A8-8650B,3160
Intel Xeon E5-2637 @ 3.00GHz,3158
Intel Core i3-4160T @ 3.10GHz,3157
Intel Xeon W3540 @ 2.93GHz,3156
Intel Core i7-4558U @ 2.80GHz,3147
Intel Core i7-950 @ 3.07GHz,3137
AMD Opteron X3418 APU,3134
Intel Core i5-6198DU @ 2.30GHz,3134
AMD A8-6500B APU,3130
Intel Core i3-4330T @ 3.00GHz,3120
Intel Xeon E7- 2830 @ 2.13GHz,3119
Intel Core i5-4278U @ 2.60GHz,3118
AMD FX-670K Quad-Core,3116
AMD Phenom II X6 1045T,3116
Intel Core i7-960 @ 3.20GHz,3112
Intel Core i7-965 @ 3.20GHz,3108
AMD Athlon X4 840,3080
AMD A10 PRO-7850B APU,3074
Intel Core i7-4560U @ 1.60GHz,3074
AMD Opteron 6274,3071
AMD Opteron 2427,3069
AMD A10-9700E,3063
Intel Core i7-5600U @ 2.60GHz,3057
Intel Pentium G4520 @ 3.60GHz,3057
AMD FX-9830P,3052
Intel Xeon X5550 @ 2.67GHz,3049
Intel Core i7-875K @ 2.93GHz,3048
Intel Core i7-3520M @ 2.90GHz,3045
Intel Pentium Silver J5005 @ 1.50GHz,3038
AMD FX-B4150 Quad-Core,3036
Intel Celeron J4125 @ 2.00GHz,3035
AMD A10-5800B APU,3034
AMD FX-4300 Quad-Core,3031
Intel Core i5-6200U @ 2.30GHz,3031
Intel Core i7-5650U @ 2.20GHz,3030
Intel Core i3-7130U @ 2.70GHz,3028
Intel Core i7-2675QM @ 2.20GHz,3028
Intel Core i7-870 @ 2.93GHz,3027
AMD Athlon X4 760K Quad Core,3026
Intel Xeon W3530 @ 2.80GHz,3023
Intel Core i5-8200Y @ 1.30GHz,3020
Intel Core i5-3380M @ 2.90GHz,3001
AMD FX-4150 Quad-Core,2998
Intel Core i5-2405S @ 2.50GHz,2998
Intel Core i5-3470T @ 2.90GHz,2993
AMD A12-9730P,2987
AMD A8-6500 APU,2983
AMD FX-8800P,2982
Intel Core i7-930 @ 2.80GHz,2981
AMD A10-9630P,2980
Intel Core i5-3360M @ 2.80GHz,2978
Intel Xeon X6550 @ 2.00GHz,2978
Intel Core i5-4210M @ 2.60GHz,2977
Intel Core i7-3540M @ 3.00GHz,2977
AMD Phenom II X6 1035T,2964
Intel Core i5-8210Y @ 1.60GHz,2962
Intel Core i5-4300M @ 2.60GHz,2961
AMD FX-4200 Quad-Core,2946
AMD A8-5600K APU,2944
Intel Pentium G4500 @ 3.50GHz,2944
Intel Pentium G4560T @ 2.90GHz,2943
Intel Celeron J4105 @ 1.50GHz,2942
Intel Core i7-860 @ 2.80GHz,2938
AMD A10 PRO-7800B APU,2934
AMD A10-7800 APU,2929
Six-Core AMD Opteron 2419 EE,2926
Intel Core i7-940 @ 2.93GHz,2925
Intel Core i3-4150T @ 3.00GHz,2918
AMD A10-5800K APU,2909
AMD FX-770K Quad-Core,2902
Intel Xeon X5560 @ 2.80GHz,2902
Intel Core i7-2635QM @ 2.00GHz,2884
Intel Core i3-3245 @ 3.40GHz,2882
Intel Core i7-870S @ 2.67GHz,2875
Intel Core i3-6157U @ 2.40GHz,2873
AMD Opteron 3350 HE,2871
AMD A10-6800B APU,2869
Intel Xeon E5-2403 v2 @ 1.80GHz,2862
Intel Xeon E5607 @ 2.27GHz,2860
Intel Pentium Silver N5000 @ 1.10GHz,2854
AMD Athlon X4 830,2851
Intel Xeon W3520 @ 2.67GHz,2851
Intel Xeon E5-2407 @ 2.20GHz,2844
Intel Core 860 @ 2.80GHz,2842
AMD FX-4130 Quad-Core,2833
Intel Core i5-4288U @ 2.60GHz,2832
Intel Core i5-5300U @ 2.30GHz,2827
AMD Athlon X4 750K Quad Core,2824
Intel Core i5-7Y54 @ 1.20GHz,2824
Intel Core i5-6267U @ 2.90GHz,2823
Intel Celeron J4115 @ 1.80GHz,2816
Intel Core i5-24050S @ 2.50GHz,2816
AMD FirePro A320 APU,2813
Intel Core i7-860S @ 2.53GHz,2812
Intel Xeon X5492 @ 3.40GHz,2807
AMD FX-7600P APU,2806
Intel Core i3-6100U @ 2.30GHz,2805
AMD Phenom II X4 980,2797
Intel Core m3-8100Y @ 1.10GHz,2791
Intel Core i7-4510U @ 2.00GHz,2790
Intel Core i3-4130T @ 2.90GHz,2789
AMD PRO A10-9700B,2786
Intel Core i7-8500Y @ 1.50GHz,2783
Intel Core i5-4258U @ 2.40GHz,2780
AMD A10-5700 APU,2758
Intel Xeon X3440 @ 2.53GHz,2748
AMD A12-9720P,2746
AMD Athlon X4 740 Quad Core,2746
Intel Core i3-7100U @ 2.40GHz,2735
Intel Core i5-4308U @ 2.80GHz,2731
Intel Core i5-4210H @ 2.90GHz,2728
AMD Phenom II X4 970,2726
Intel Xeon E5606 @ 2.13GHz,2721
AMD A6-9400,2717
Intel Core i5-4402E @ 1.60GHz,2709
AMD A8-5500B APU,2703
Intel Core i7-5500U @ 2.40GHz,2703
Intel Core m3-7Y30 @ 1.00GHz,2698
Intel Core i5-2500T @ 2.30GHz,2696
AMD A8-7650K,2695
AMD FX-4100 Quad-Core,2694
Intel Pentium G4400 @ 3.30GHz,2692
Intel Xeon E5-2603 v2 @ 1.80GHz,2692
Intel Xeon E5-2603 @ 1.80GHz,2690
Intel Core i5-4200M @ 2.50GHz,2689
AMD Phenom II X4 B65,2687
Intel Core i7-4600U @ 2.10GHz,2685
Intel Celeron N4100 @ 1.10GHz,2684
AMD PRO A8-9600B,2683
Intel Xeon X3450 @ 2.67GHz,2669
Intel Core i5-3320M @ 2.60GHz,2668
Intel Core i7-7Y75 @ 1.30GHz,2663
Intel Core i5-7Y57 @ 1.20GHz,2658
Intel Core2 Extreme X9775 @ 3.20GHz,2657
Intel Xeon E5530 @ 2.40GHz,2657
AMD PRO A12-9800B,2656
AMD Athlon II X4 559,2655
AMD Phenom II X4 975,2653
Intel Xeon X5470 @ 3.33GHz,2646
AMD FX-9800P,2640
AMD Phenom II X4 B99,2639
Intel Xeon E3-1220L V2 @ 2.30GHz,2629
AMD A10-9600P,2628
Intel Core i5-3340M @ 2.70GHz,2622
AMD RX-427BB,2621
Intel Core i3-3210 @ 3.20GHz,2619
Intel Core i3-4110M @ 2.60GHz,2607
Intel Xeon E5-2609 @ 2.40GHz,2600
Intel Core i5-5350U @ 1.80GHz,2594
Intel Core i3-3250T @ 3.00GHz,2593
Intel Celeron G4930 @ 3.20GHz,2590
Intel Pentium G4500T @ 3.00GHz,2590
Intel Xeon L5530 @ 2.40GHz,2590
Intel Core i7-920 @ 2.67GHz,2589
Intel Core i5-4300U @ 1.90GHz,2588
Intel Core i7-3687U @ 2.10GHz,2585
Intel Core2 Extreme X9650 @ 3.00GHz,2584
Intel Core i7-5550U @ 2.00GHz,2583
AMD A10-9620P,2579
Intel Core i5-3610ME @ 2.70GHz,2567
AMD A8 PRO-7600B APU,2564
Intel Core i5-4330M @ 2.80GHz,2560
AMD Phenom II X4 965,2559
Intel Xeon X5460 @ 3.16GHz,2559
Intel Core i7-4650U @ 1.70GHz,2557
Intel Core i5-5200U @ 2.20GHz,2556
Intel Celeron N4120 @ 1.10GHz,2555
Intel Xeon E5-2403 @ 1.80GHz,2552
Intel Core i7-4610Y @ 1.70GHz,2549
Intel Core i7-4500U @ 1.80GHz,2548
Intel Core i3-5157U @ 2.50GHz,2546
Intel Core m5-6Y57 @ 1.10GHz,2546
Intel Atom C3558 @ 2.20GHz,2539
AMD PRO A12-8830B,2538
Intel Xeon E5540 @ 2.53GHz,2537
Intel Pentium G3470 @ 3.60GHz,2533
Intel Core i5-4260U @ 1.40GHz,2528
Intel Core m5-6Y54 @ 1.10GHz,2528
AMD Phenom II X4 B60,2526
Intel Core i3-4330TE @ 2.40GHz,2526
Intel Core i5-3230M @ 2.60GHz,2523
AMD Athlon II X4 553,2522
Intel Xeon L5520 @ 2.27GHz,2522
AMD A10-6700T APU,2509
Intel Core i3-7102E @ 2.10GHz,2503
AMD PRO A10-8730B,2497
Intel Xeon E5520 @ 2.27GHz,2494
Intel Xeon E5450 @ 3.00GHz,2493
Intel Xeon X5482 @ 3.20GHz,2493
Intel Core i3-3250 @ 3.50GHz,2492
AMD Phenom II X4 B70,2491
AMD A12-9700P,2485
AMD Phenom II X4 973,2483
Intel Core i3-7020U @ 2.30GHz,2482
Intel Core i3-4100M @ 2.50GHz,2480
AMD Phenom II X4 977,2479
Intel Core2 Extreme X9770 @ 3.20GHz,2477
AMD Phenom II X4 B97,2473
Intel Core i3-2140 @ 3.50GHz,2471
Intel Core i5-3210M @ 2.50GHz,2469
AMD FX-7600P,2462
Intel Xeon L3426 @ 1.87GHz,2457
Intel Atom C3538 @ 2.10GHz,2455
Intel Core i3-6102E @ 1.90GHz,2452
Intel Pentium G4400T @ 2.90GHz,2452
AMD A8-5500 APU,2448
Intel Core2 Quad Q9650 @ 3.00GHz,2444
AMD Phenom II X4 955,2442
Intel Xeon X3370 @ 3.00GHz,2440
AMD PRO A12-8800B,2439
Intel Core2 Extreme X9750 @ 3.16GHz,2437
AMD Phenom II X4 960T,2435
Intel Pentium G3450 @ 3.40GHz,2420
Intel Celeron G4920 @ 3.20GHz,2418
Intel Core i5-3437U @ 1.90GHz,2418
Intel Core i5-660 @ 3.33GHz,2413
Intel Core2 Extreme Q6800 @ 2.93GHz,2412
Intel Core i5-760 @ 2.80GHz,2411
AMD Athlon II X4 555,2409
Intel Core i7-3667U @ 2.00GHz,2403
Intel Core i5-4350U @ 1.40GHz,2402
Intel Xeon X3350 @ 2.66GHz,2401
Intel Xeon X5365 @ 3.00GHz,2396
Intel Xeon X3380 @ 3.16GHz,2395
AMD PRO A10-8700B,2393
Intel Pentium Silver N5030 @ 1.10GHz,2393
AMD Phenom II X4 B55,2391
Intel Core m3-7Y32 @ 1.10GHz,2376
Intel Celeron G3950 @ 3.00GHz,2372
Intel Core i5-4250U @ 1.30GHz,2372
Intel Core i7-3537U @ 2.00GHz,2371
AMD Phenom II X4 840T,2367
AMD Phenom II X4 B95,2367
Intel Core i5-4210U @ 1.70GHz,2367
Intel Core i5-5250U @ 1.60GHz,2367
Intel Core i5-750 @ 2.67GHz,2367
AMD Athlon II X4 650,2365
Intel Xeon X5450 @ 3.00GHz,2365
Intel Core i5-4310U @ 2.00GHz,2363
Intel Core i7-2620M @ 2.70GHz,2363
Intel Celeron G4900 @ 3.10GHz,2362
Intel Pentium 5405U @ 2.30GHz,2362
AMD Phenom II X4 840,2347
Intel Core i3-3240 @ 3.40GHz,2344
AMD A8-3870K APU,2343
Quad-Core AMD Opteron 1389,2342
AMD Opteron 2384,2336
AMD Athlon II X4 651 Quad-Core,2335
AMD Phenom II X6 1075T,2333
AMD Phenom II X4 B50,2329
Intel Pentium J4205 @ 1.50GHz,2329
Intel Core i5-2520M @ 2.50GHz,2314
Intel Pentium G3258 @ 3.20GHz,2306
Intel Core i3-3220T @ 2.80GHz,2303
Intel Celeron G4900T @ 2.90GHz,2299
Intel Pentium G3460 @ 3.50GHz,2299
Intel Core i3-6006U @ 2.00GHz,2298
Intel Xeon X3430 @ 2.40GHz,2297
Intel Core i7-2640M @ 2.80GHz,2291
Intel Core i5-2390T @ 2.70GHz,2289
Intel Core2 Quad Q9550 @ 2.83GHz,2289
Intel Pentium 4417U @ 2.30GHz,2286
Intel Core i3-3220 @ 3.30GHz,2282
Intel Core i5-3337U @ 1.80GHz,2281
Intel Xeon E5440 @ 2.83GHz,2279
AMD A8-8600P,2274
Intel Xeon X3363 @ 2.83GHz,2271
Intel Core i5-3427U @ 1.80GHz,2267
Intel Xeon L3360 @ 2.83GHz,2265
AMD Phenom II X4 B35,2261
Intel Celeron G3930TE @ 2.70GHz,2259
AMD Phenom II X4 945,2247
Intel Celeron G3900 @ 2.80GHz,2244
AMD Athlon X4 750 Quad Core,2240
AMD Phenom II X4 850,2237
Intel Core i5-4200U @ 1.60GHz,2237
Intel Xeon X5472 @ 3.00GHz,2237
Intel Xeon E5430 @ 2.66GHz,2236
AMD A10-8700P,2229
AMD A8-3850 APU,2229
AMD Athlon II X4 640,2229
Intel Core i7-940XM @ 2.13GHz,2227
Intel Celeron G3900T @ 2.60GHz,2223
Intel Core i5-650 @ 3.20GHz,2223
Intel Core i7-4550U @ 1.50GHz,2220
Intel Core i3-2130 @ 3.40GHz,2219
Intel Pentium G3440 @ 3.30GHz,2216
AMD Phenom II X4 925,2215
Intel Pentium G4400TE @ 2.40GHz,2214
Intel Pentium 4415U @ 2.30GHz,2209
Intel Core i7-920XM @ 2.00GHz,2208
Intel Core i3-21050 @ 3.10GHz,2207
AMD A10-5750M APU,2202
Intel Core i3-5020U @ 2.20GHz,2198
Intel Celeron J3455 @ 1.50GHz,2197
Intel Core i3-5010U @ 2.10GHz,2195
AMD Phenom II X4 940,2194
Intel Core2 Quad Q9500 @ 2.83GHz,2182
Intel Pentium N4200 @ 1.10GHz,2179
Intel Celeron G3920 @ 2.90GHz,2178
Intel Core i3-2125 @ 3.30GHz,2174
Intel Core i5-670 @ 3.47GHz,2170
Intel Atom C2558 @ 2.40GHz,2169
Intel Xeon X3230 @ 2.66GHz,2168
AMD Athlon II X4 635,2167
AMD A6-3670 APU,2166
Intel Core2 Extreme Q6850 @ 3.00GHz,2158
Intel Xeon E5472 @ 3.00GHz,2158
AMD Phenom 9850B Quad-Core,2157
Intel Core i7-3517U @ 1.90GHz,2156
AMD Phenom II X4 B40,2155
AMD Phenom II X4 B45,2153
Intel Pentium G3260 @ 3.30GHz,2152
Intel Pentium 4405U @ 2.10GHz,2151
Intel Xeon L5430 @ 2.66GHz,2149
Intel Core i5-2560M @ 2.70GHz,2144
Intel Core i3-3130M @ 2.60GHz,2142
Intel Core i5-680 @ 3.60GHz,2140
Quad-Core AMD Opteron 1385,2138
Intel Core i5-661 @ 3.33GHz,2137
Intel Core i3-2105 @ 3.10GHz,2133
Intel Atom E3950 @ 1.60GHz,2132
AMD Phenom II X4 820,2131
AMD Phenom II X4 920,2131
Intel Core i3-5005U @ 2.00GHz,2130
Intel Pentium G3440T @ 2.80GHz,2129
AMD A10-5757M APU,2123
Intel Celeron G3930T @ 2.70GHz,2120
AMD A8-7200P,2119
AMD Phenom II X4 830,2109
Intel Xeon X3353 @ 2.66GHz,2106
Intel Pentium 1403 v2 @ 2.60GHz,2104
Intel Core i3-3225 @ 3.30GHz,2103
AMD Opteron 2378,2100
Intel Xeon E5462 @ 2.80GHz,2099
AMD A10-4600M APU,2097
Intel Core i7-3517UE @ 1.70GHz,2094
Intel Celeron G3930 @ 2.90GHz,2092
AMD Athlon II X4 638 Quad-Core,2089
AMD PRO A6-8570,2088
Intel Atom C2538 @ 2.40GHz,2086
Intel Core2 Extreme Q9200 @ 2.40GHz,2086
Intel Pentium G3250 @ 3.20GHz,2086
Intel Core2 Quad Q6700 @ 2.66GHz,2085
AMD A6-7480,2084
AMD A6-9500,2078
AMD Athlon II X4 631 Quad-Core,2076
Intel Xeon X3360 @ 2.83GHz,2075
Intel Core i7-840QM @ 1.87GHz,2071
Intel Core M-5Y10c @ 0.80GHz,2065
Intel Pentium G3420T @ 2.70GHz,2065
AMD Phenom II X4 910,2061
AMD Opteron 3260 HE,2057
Intel Celeron G3900E @ 2.40GHz,2056
Intel Xeon L5420 @ 2.50GHz,2056
Intel Core i3-3240T @ 2.90GHz,2055
AMD A8-6500T APU,2049
Intel Atom C2550 @ 2.40GHz,2048
Intel Pentium G2140 @ 3.30GHz,2046
AMD A10-7400P,2041
AMD A8-5550M APU,2041
Intel Core i3-2102 @ 3.10GHz,2041
AMD Athlon II X4 641 Quad-Core,2040
Intel Core2 Quad Q8400 @ 2.66GHz,2040
Intel Atom T5700 @ 1.70GHz,2039
Intel Core i3-2120 @ 3.30GHz,2039
Intel Xeon E5603 @ 1.60GHz,2038
AMD Phenom II X4 B25,2036
AMD Phenom II X4 B93,2036
Intel Pentium G3450T @ 2.90GHz,2036
AMD A6-3650 APU,2035
AMD Phenom II X4 910e,2035
AMD Athlon X4 640,2032
Intel Core i3-4120U @ 2.00GHz,2030
Intel Xeon E3-1220L @ 2.20GHz,2029
Intel Xeon X5355 @ 2.66GHz,2029
AMD Phenom II X3 B77,2028
AMD A8-5557M APU,2027
AMD Opteron 1381,2024
Intel Xeon X3320 @ 2.50GHz,2021
Intel Core M-5Y71 @ 1.20GHz,2020
Intel Xeon X3330 @ 2.66GHz,2019
AMD Athlon II X4 630,2017
AMD Athlon II X4 645,2014
Intel Core i5-2540M @ 2.60GHz,2014
AMD A8-3820 APU,2013
Intel Core i7-640M @ 2.80GHz,2013
Intel Pentium G3260T @ 2.90GHz,2013
Intel Core i5-3317U @ 1.70GHz,2011
Intel Celeron 4305UE @ 2.00GHz,2004
Intel Pentium G3420 @ 3.20GHz,2003
Intel Celeron G1850 @ 2.90GHz,2001
AMD Athlon II X4 655,1996
AMD PRO A6-9500,1995
Intel Core2 Quad Q9100 @ 2.26GHz,1995
Intel Core i3-5015U @ 2.10GHz,1990
Intel Core M-5Y31 @ 0.90GHz,1990
Intel Celeron G3900TE @ 2.30GHz,1989
Intel Pentium G3250T @ 2.80GHz,1989
Intel Xeon X3220 @ 2.40GHz,1982
Intel Core i5-2430M @ 2.40GHz,1980
AMD Phenom 9950 Quad-Core,1977
AMD Phenom X4 Quad-Core GP-9730,1977
Intel Core i5-2450M @ 2.50GHz,1976
Intel Pentium G3220 @ 3.00GHz,1971
Intel Core2 Quad Q9300 @ 2.50GHz,1969
AMD Phenom II X4 810,1965
Intel Core i5-560M @ 2.67GHz,1964
AMD Opteron X2170 APU,1958
Intel Core2 Quad Q9400 @ 2.66GHz,1955
AMD A6-9500E,1953
Intel Atom E3900 @ 1.60GHz,1953
Intel Pentium G2130 @ 3.20GHz,1952
AMD PRO A6-8550B,1951
AMD Opteron 3320 EE,1949
Intel Core m7-6Y75 @ 1.20GHz,1949
Intel Xeon L5410 @ 2.33GHz,1949
Intel Core i5-655K @ 3.20GHz,1941
Intel Core i7-2655LE @ 2.20GHz,1939
AMD Phenom II X4 805,1931
Intel Core i3-4110U @ 1.90GHz,1931
Intel Core i5-2410M @ 2.30GHz,1931
Intel Core i5-4230U @ 1.90GHz,1931
Intel Core i7-820QM @ 1.73GHz,1931
Intel Core2 Extreme Q9300 @ 2.53GHz,1928
Intel Core i5-4422E @ 1.80GHz,1927
AMD Opteron 2356,1921
AMD Phenom 9850 Quad-Core,1919
Intel Pentium 1403 @ 2.60GHz,1918
Intel Core i3-4030U @ 1.90GHz,1915
AMD A8-7410 APU,1914
Intel Pentium G3240 @ 3.10GHz,1912
AMD Phenom II X4 905e,1911
AMD PRO A6-8570E,1910
Intel Xeon X3323 @ 2.50GHz,1906
AMD Phenom II X3 740,1898
Intel Core i5-2415M @ 2.30GHz,1894
Intel Core i5-4302Y @ 1.60GHz,1894
AMD R-464L APU,1893
Intel Core i5-2515E @ 2.50GHz,1893
AMD Opteron 1356,1888
Intel Core i3-4025U @ 1.90GHz,1885
Intel Xeon E5420 @ 2.50GHz,1882
Intel Core2 Quad Q9450 @ 2.66GHz,1881
AMD A10-4657M APU,1879
AMD FX-7500 APU,1879
Intel Core i3-4000M @ 2.40GHz,1878
AMD A10-5745M APU,1875
AMD Athlon II X4 620,1872
Intel Pentium G2120 @ 3.10GHz,1869
Intel Atom E3940 @ 1.60GHz,1868
AMD A6-7470K,1866
AMD A8-3800 APU,1861
Intel Celeron N3450 @ 1.10GHz,1861
Intel Core i3-2100 @ 3.10GHz,1859
AMD Opteron 3250 HE,1858
Intel Core M-5Y10a @ 0.80GHz,1856
Intel Core i5-580M @ 2.67GHz,1855
AMD PRO A4-8350B,1854
Intel Core2 Quad Q9505 @ 2.83GHz,1854
AMD A8-5545M APU,1852
AMD GX-424CC SOC,1852
AMD PRO A8-8600B,1848
Intel Pentium G3430 @ 3.30GHz,1848
Intel Celeron G1840 @ 2.80GHz,1845
AMD Opteron 2222,1844
AMD A8-6410 APU,1843
AMD Opteron 2373 EE,1842
Intel Core i7-3555LE @ 2.50GHz,1839
AMD Phenom 9750 Quad-Core,1838
Intel Core m3-6Y30 @ 0.90GHz,1835
Intel Core i3-2330E @ 2.20GHz,1834
Intel Core i5-2435M @ 2.40GHz,1834
Intel Core i3-2100T @ 2.50GHz,1831
AMD Athlon II X4 615e,1829
Intel Xeon L5335 @ 2.00GHz,1829
Intel Celeron J4025 @ 2.00GHz,1825
AMD A6-6400B APU,1823
Intel Core i7-740QM @ 1.73GHz,1821
Intel Celeron N4020 @ 1.10GHz,1820
Intel Core i3-3120M @ 2.50GHz,1817
AMD Phenom II X3 B75,1807
Intel Xeon E5507 @ 2.27GHz,1806
Intel Core i5-3439Y @ 1.50GHz,1804
Intel Pentium G3240T @ 2.70GHz,1804
AMD Phenom FX-5000 Quad-Core,1801
AMD Opteron 1354,1796
AMD A8-4500M APU,1795
AMD Athlon II X3 455,1791
Intel Xeon E5506 @ 2.13GHz,1791
Intel Core i3-4158U @ 2.00GHz,1790
AMD Phenom II X4 B05e,1789
Intel Core i7-620M @ 2.67GHz,1787
Intel Xeon L5408 @ 2.13GHz,1787
AMD A6-3620 APU,1785
AMD A6-7310 APU,1783
AMD PRO A6-9500E,1783
Intel Core i5-520M @ 2.40GHz,1780
Intel Core i5-2510E @ 2.50GHz,1771
AMD A6-3600 APU,1768
AMD Phenom FX-5200 Quad-Core,1763
AMD Phenom 9600B Quad-Core,1758
Intel Xeon E5410 @ 2.33GHz,1757
Intel Pentium G3220T @ 2.60GHz,1754
AMD Phenom II X4 B15e,1753
Intel Core i7-720QM @ 1.60GHz,1751
Intel Core i7-610E @ 2.53GHz,1749
AMD A6-6420B APU,1748
Intel Xeon E5345 @ 2.33GHz,1748
AMD Embedded G-Series GX-420GI Radeon R7E,1746
Intel Celeron 3965U @ 2.20GHz,1745
AMD Athlon II X4 610e,1743
Intel Xeon X3210 @ 2.13GHz,1743
AMD A10-4655M APU,1742
AMD PRO A6-8500B,1737
AMD Athlon II X3 460,1736
AMD Phenom II X3 B73,1732
AMD A10 PRO-7350B APU,1729
AMD Athlon II X4 605e,1729
Intel Core2 Quad Q6600 @ 2.40GHz,1728
AMD Phenom II X940 Quad-Core,1727
AMD A6-6420K APU,1722
AMD Phenom X2 Dual-Core GE-6060,1722
Intel Celeron G1820T @ 2.40GHz,1721
AMD Athlon X3 435,1720
AMD A6-8550,1717
Intel Core2 Quad Q8200 @ 2.33GHz,1713
Intel Core i3-2120T @ 2.60GHz,1711
Intel Core i3-4010U @ 1.70GHz,1711
AMD Athlon X4 620,1710
AMD Opteron 2220,1702
Intel Core i7-2637M @ 1.70GHz,1701
AMD Phenom II N830 3+1,1699
AMD Athlon X2 370K Dual Core,1697
Intel Core i7-2617M @ 1.50GHz,1697
AMD Phenom II X4 900e,1695
AMD Athlon II X3 440,1693
Intel Core i3-4030Y @ 1.60GHz,1692
AMD Phenom 9550 Quad-Core,1691
Intel Core i3-3110M @ 2.40GHz,1687
Intel Core i5-4210Y @ 1.50GHz,1687
AMD Phenom 9750B Quad-Core,1685
AMD Phenom 9450e Quad-Core,1684
AMD Athlon 5350 APU,1681
AMD A4-7210 APU,1680
Intel Core M-5Y10 @ 0.80GHz,1676
AMD A4-6320 APU,1673
AMD Opteron 2354,1672
Intel Celeron G1820 @ 2.70GHz,1664
Intel Core i7-2677M @ 1.80GHz,1663
AMD A9-9425,1660
AMD Embedded R-Series RX-216GD,1660
Intel Core M-5Y70 @ 1.10GHz,1660
AMD Phenom II X3 720,1657
Intel Pentium G2100T @ 2.60GHz,1655
AMD Athlon II X4 600e,1653
Intel Pentium 4415Y @ 1.60GHz,1647
Intel Pentium G2030 @ 3.00GHz,1645
AMD Athlon II X3 445,1640
Intel Pentium G3320TE @ 2.30GHz,1640
AMD A4-6250J APU,1636
Intel Core i3-4005U @ 1.70GHz,1633
AMD A8-3550MX APU,1628
AMD A8-7100 APU,1627
AMD PRO A6-7350B,1627
Intel Pentium 3560M @ 2.40GHz,1626
AMD A8-3510MX APU,1625
AMD A4-7300 APU,1624
Intel Core i5-4200Y @ 1.40GHz,1624
Intel Celeron 2000E @ 2.20GHz,1623
AMD Athlon II X3 435,1622
AMD A4-6300B APU,1621
AMD Opteron 1352,1621
Intel Core2 Quad Q8300 @ 2.50GHz,1620
Intel Core i5-4300Y @ 1.60GHz,1618
Intel Core i3-550 @ 3.20GHz,1617
AMD Athlon 64 FX-62 Dual Core,1616
HP Hexa-Core 2.0GHz,1616
Intel Pentium G2120T @ 2.70GHz,1613
Intel Celeron G1830 @ 2.80GHz,1611
AMD A10-7300 APU,1609
Intel Core i7-3689Y @ 1.50GHz,1606
AMD A4 PRO-7300B APU,1604
AMD Phenom II X920 Quad-Core,1604
Intel Xeon E5405 @ 2.00GHz,1604
Intel Xeon E7320 @ 2.13GHz,1601
Intel Celeron J4005 @ 2.00GHz,1595
AMD Opteron 2218,1594
Intel Pentium G2020 @ 2.90GHz,1594
Intel Celeron 3955U @ 2.00GHz,1591
AMD PRO A6-8530B,1590
AMD A9-9430,1589
AMD Opteron X3216 APU,1586
Intel Celeron G1840T @ 2.50GHz,1584
AMD Phenom II X3 710,1581
Intel Xeon X5270 @ 3.50GHz,1581
Intel Core i3-560 @ 3.33GHz,1574
Intel Core i3-2310E @ 2.10GHz,1573
Intel Celeron G1610 @ 2.60GHz,1572
AMD Phenom 9600 Quad-Core,1571
Intel Xeon E5504 @ 2.00GHz,1570
AMD Phenom II N970 Quad-Core,1569
AMD A6-5200 APU,1567
AMD Phenom II X3 700e,1566
AMD Phenom X2 Dual-Core GE-5060,1566
AMD PRO A4-3350B APU,1562
AMD Athlon 5370 APU,1561
Intel Pentium G2030T @ 2.60GHz,1560
Intel Core i5 E 520 @ 2.40GHz,1558
Intel Core i7-640LM @ 2.13GHz,1555
AMD E2-7110 APU,1553
Intel Core i3-530 @ 2.93GHz,1549
Athlon 64 Dual Core 5600+,1548
ZHAOXIN KaiXian ZX-C+ C4700@2.0GHz,1547
Intel Pentium G870 @ 3.10GHz,1546
AMD Phenom 9350e Quad-Core,1544
Intel Xeon E5335 @ 2.00GHz,1544
Intel Core2 Quad Q9000 @ 2.00GHz,1542
AMD Phenom II N950 Quad-Core,1541
AMD Athlon X3 455,1539
Intel Core M-5Y51 @ 1.10GHz,1539
AMD A6-7400K APU,1536
AMD A4-6300 APU,1534
AMD Phenom 9650 Quad-Core,1530
Intel Core i3-540 @ 3.07GHz,1529
Intel Pentium 3825U @ 1.90GHz,1528
Pentium Dual-Core E6000 @ 3.46GHz,1528
AMD Athlon II X3 450,1527
AMD A8-3530MX APU,1526
AMD Phenom X4 Quad-Core GP-9600,1526
Intel Pentium G850 @ 2.90GHz,1525
Intel Pentium G860 @ 3.00GHz,1522
AMD A8 PRO-7150B APU,1517
Intel Celeron 2970M @ 2.20GHz,1516
Intel Celeron G1620 @ 2.70GHz,1516
AMD A4-6210 APU,1513
AMD A6 PRO-7400B,1513
Intel Pentium 3550M @ 2.30GHz,1512
Intel Xeon L5310 @ 1.60GHz,1509
AMD A6-5400B APU,1508
Athlon 64 Dual Core 5000+,1504
AMD A9-9420,1500
Intel Celeron N4000 @ 1.10GHz,1499
Intel Pentium G645 @ 2.90GHz,1498
AMD Athlon 64 FX-74,1495
AMD Phenom II X2 565,1495
Intel Celeron G1630 @ 2.80GHz,1485
Intel Core i5-2467M @ 1.60GHz,1485
Intel Core i5-540M @ 2.53GHz,1484
AMD Opteron 2393 SE,1483
Intel Xeon E3113 @ 3.00GHz,1483
Intel Pentium 4405Y @ 1.50GHz,1482
AMD A6-6310 APU,1480
Intel Core i5-4202Y @ 1.60GHz,1475
Intel Celeron G1620T @ 2.40GHz,1474
Intel Pentium 2030M @ 2.50GHz,1474
AMD Phenom II X2 570,1471
AMD A6-5400K APU,1470
AMD Opteron 285,1470
AMD Athlon X3 425,1465
AMD Opteron 290,1465
AMD Athlon Dual Core 5400B,1462
Intel Xeon @ 2.20GHz,1461
Intel Core i3-2370M @ 2.40GHz,1459
Intel Core i5-4220Y @ 1.60GHz,1459
Intel Pentium N3710 @ 1.60GHz,1457
AMD TurionX2 Ultra DualCore Mobile ZM-85,1454
Intel Atom x7-Z8750 @ 1.60GHz,1453
Intel Core i3-4012Y @ 1.50GHz,1451
Intel Core i3-4020Y @ 1.50GHz,1451
AMD A8-4555M APU,1446
AMD Athlon II X3 425,1443
Intel Pentium J3710 @ 1.60GHz,1442
AMD Athlon II X3 420e,1437
Intel Pentium 4410Y @ 1.50GHz,1437
Intel Celeron 3867U @ 1.80GHz,1436
Intel Pentium G2020T @ 2.50GHz,1436
AMD A9-9410,1429
AMD Phenom 9500 Quad-Core,1427
Intel Xeon E5310 @ 1.60GHz,1424
AMD A6-8500P,1423
Intel Pentium G640 @ 2.80GHz,1423
Intel Core2 Duo E8600 @ 3.33GHz,1422
Intel Xeon E3-1220L v3 @ 1.10GHz,1421
AMD Phenom 8850B Triple-Core,1420
Intel Pentium G840 @ 2.80GHz,1420
Intel Core i7-2610UE @ 1.50GHz,1418
AMD A4-4020 APU,1415
Intel Xeon X5260 @ 3.33GHz,1415
AMD Athlon 64 X2 Dual Core 5800+,1410
Intel Core i3-3227U @ 1.90GHz,1405
AMD PRO A6-9500B,1404
AMD Phenom II N930 Quad-Core,1400
AMD Opteron 2220 SE,1398
Intel Xeon E5320 @ 1.86GHz,1398
Intel Pentium G630 @ 2.70GHz,1391
AMD Athlon X3 440,1389
Intel Xeon L3110 @ 3.00GHz,1389
Intel Atom x5-Z8550 @ 1.44GHz,1388
Intel Xeon L5240 @ 3.00GHz,1387
Intel Xeon X5272 @ 3.40GHz,1387
AMD A6-5357M APU,1386
AMD Phenom 8750 Triple-Core,1386
AMD E1-6050J APU,1385
Intel Xeon E5240 @ 3.00GHz,1385
AMD A6-3430MX APU,1380
AMD Phenom II X2 B59,1379
Intel Core i3-2312M @ 2.10GHz,1378
AMD Athlon X2 280,1377
AMD Phenom II X3 705e,1377
Intel Celeron 1020E @ 2.20GHz,1376
AMD Athlon 64 X2 Dual Core 5400+,1372
Intel Celeron 3865U @ 1.80GHz,1372
Intel Core i5 750S @ 2.40GHz,1369
Intel Xeon E3120 @ 3.16GHz,1369
AMD A8-3520M APU,1367
AMD A9-9400,1366
Intel Pentium 2020M @ 2.40GHz,1366
AMD GX-420CA SOC,1365
Intel Core i3-4010Y @ 1.30GHz,1365
AMD Sempron 240,1364
AMD Phenom X4 Quad-Core GP-9530,1361
Intel Core i3-2332M @ 2.20GHz,1361
Athlon Dual Core 4850e,1360
AMD Athlon II X3 415e,1355
AMD Athlon X2 340 Dual Core,1355
Intel Core i5-3339Y @ 1.50GHz,1355
Intel Celeron J3160 @ 1.60GHz,1353
Intel Core i3-2350M @ 2.30GHz,1351
AMD A6-3420M APU,1349
Intel Core i5-480M @ 2.67GHz,1349
Intel Pentium G6951 @ 2.80GHz,1348
AMD Phenom II P960 Quad-Core,1347
Intel Core2 Duo E8290 @ 2.83GHz,1346
Intel Pentium G2010 @ 2.80GHz,1346
AMD Phenom X3 8550,1343
AMD Athlon Dual Core 5050e,1342
AMD Phenom II N870 Triple-Core,1342
AMD Phenom II X2 555,1336
Intel Core i3-3217UE @ 1.60GHz,1333
AMD A6-6400K APU,1332
Intel Core i3-390M @ 2.67GHz,1331
Intel Celeron J3355 @ 2.00GHz,1330
AMD A6-3500 APU,1329
AMD A6-5350M APU,1328
AMD Phenom II X2 545,1327
AMD Phenom II X2 560,1325
AMD A10 Micro-6700T APU,1323
AMD A8-3500M APU,1323
VIA QuadCore C4650@2.0GHz,1323
AMD A6-3410MX APU,1319
AMD Opteron 185,1319
AMD Turion 64 X2 Mobile TL-68,1319
AMD A6-9220,1317
AMD A6-9225,1317
AMD Phenom 8750B Triple-Core,1317
Intel Pentium A1020 @ 2.41GHz,1312
AMD Phenom II X620 Dual-Core,1309
Intel Celeron 4205U @ 1.80GHz,1307
AMD Athlon 64 X2 Dual Core 5000+,1306
AMD Phenom 9150e Quad-Core,1305
AMD Athlon Dual Core 5600B,1304
Intel Atom x7-Z8700 @ 1.60GHz,1302
Intel Celeron 3765U @ 1.90GHz,1299
AMD R-272F APU,1297
Intel Celeron G1610T @ 2.30GHz,1297
Intel Pentium N3700 @ 1.60GHz,1296
Intel Celeron 2950M @ 2.00GHz,1295
AMD Phenom 8600B Triple-Core,1293
Intel Pentium G620 @ 2.60GHz,1293
AMD Opteron 275,1291
Intel Celeron N3160 @ 1.60GHz,1287
AMD Athlon Dual Core 4850B,1286
AMD Athlon II X3 400e,1286
AMD Athlon II X3 405e,1286
Intel Celeron N4000C @ 1.10GHz,1284
Intel Core i3-2328M @ 2.20GHz,1282
Intel Core i5-450M @ 2.40GHz,1282
AMD Phenom 8650 Triple-Core,1281
AMD Phenom II X2 550,1281
AMD Phenom II X2 B57,1281
AMD Athlon Dual Core 4850e,1280
AMD Phenom 8450 Triple-Core,1280
AMD Turion X2 Ultra Dual-Core Mobile ZM-86,1279
Intel Celeron G555 @ 2.70GHz,1276
AMD A4-5150M APU,1274
Intel Core2 Extreme X9000 @ 2.80GHz,1268
AMD Phenom II P940 Quad-Core,1267
AMD Phenom 8850 Triple-Core,1266
AMD A6-5345M APU,1265
AMD Turion X2 Ultra Dual-Core Mobile ZM-84,1265
AMD Opteron 180,1264
AMD R-460L APU,1264
AMD A4-9125,1263
Intel Celeron G540 @ 2.50GHz,1263
AMD Turion X2 Ultra Dual-Core Mobile ZM-85,1262
Intel Core2 Duo E8335 @ 2.93GHz,1262
Intel Core i5-430M @ 2.27GHz,1260
AMD A4 PRO-3340B,1258
AMD Phenom 8450e Triple-Core,1258
Intel Pentium J2900 @ 2.41GHz,1254
Intel Core2 Duo E6850 @ 3.00GHz,1250
AMD GX-415GA SOC,1249
Intel Celeron 1020M @ 2.10GHz,1247
AMD Phenom II X2 B55,1245
Intel Pentium G6960 @ 2.93GHz,1244
AMD A6-9230,1240
Intel Core i3-370M @ 2.40GHz,1240
Intel Core2 Extreme X9100 @ 3.06GHz,1237
AMD Phenom 8250 Triple-Core,1235
AMD Phenom II X2 521,1235
Intel Xeon 5160 @ 3.00GHz,1235
Athlon 64 Dual Core 3800+,1234
Intel Celeron G550 @ 2.60GHz,1234
AMD Athlon II X2 270,1233
Intel Core i5-460M @ 2.53GHz,1233
AMD Embedded G-Series GX-224IJ Radeon R4E,1232
Intel Xeon 3.73GHz,1227
Intel Pentium N3530 @ 2.16GHz,1224
AMD Athlon II X2 B28,1223
Intel Core i3-380M @ 2.53GHz,1222
Intel Xeon 3075 @ 2.66GHz,1221
AMD Athlon X2 Dual Core BE-2400,1217
AMD Turion X2 Ultra Dual-Core Mobile ZM-82,1217
Intel Pentium N3540 @ 2.16GHz,1217
AMD A4-5000 APU,1216
Intel Core2 Duo E8500 @ 3.16GHz,1216
AMD Athlon 64 X2 Dual Core 4600+,1214
AMD Athlon 64 X2 Dual Core 5600+,1213
AMD Athlon Dual Core 5200B,1212
Intel Celeron 3855U @ 1.60GHz,1212
Intel Core i3-330E @ 2.13GHz,1212
AMD Phenom II X640 Dual-Core,1209
Intel Core i3-3229Y @ 1.40GHz,1209
Intel Pentium 3805U @ 1.90GHz,1208
AMD Phenom II X2 511,1207
Intel Core i3-2330M @ 2.20GHz,1207
Intel Core2 Duo E8400 @ 3.00GHz,1207
AMD Phenom II X2 B53,1205
Athlon Dual Core 4450e,1204
AMD Athlon II X2 265,1203
AMD Phenom 8250e Triple-Core,1202
AMD Athlon 64 FX-60 Dual Core,1201
AMD Athlon II X2 280,1201
AMD Athlon 64 X2 Dual Core 4800+,1200
AMD Phenom X4 Quad-Core GP-9500,1200
Intel Core i5-2557M @ 1.70GHz,1200
Intel Core2 Duo E7600 @ 3.06GHz,1199
AMD A6-9220C,1190
AMD Turion X2 Ultra Dual-Core Mobile ZM-87,1190
Intel Atom x5-E8000 @ 1.04GHz,1189
Intel Pentium G645T @ 2.50GHz,1189
Intel Core2 Duo E8435 @ 3.06GHz,1188
AMD A6-3400M APU,1183
AMD Phenom II N830 Triple-Core,1183
AMD Turion X2 Ultra Dual-Core Mobile ZM-80,1182
Intel Celeron G540T @ 2.10GHz,1181
AMD Athlon II X2 B26,1179
AMD Opteron 280,1177
Intel Celeron N3350 @ 1.10GHz,1175
AMD A6 Micro-6500T APU,1174
Intel Core i3-350M @ 2.27GHz,1174
AMD A4-5300 APU,1170
AMD Opteron 270,1170
Intel Core2 Duo E8300 @ 2.83GHz,1169
Intel Core2 Duo T9900 @ 3.06GHz,1169
AMD Opteron 175,1168
Intel Core i3-3217U @ 1.80GHz,1168
Intel Xeon 3070 @ 2.66GHz,1168
Intel Pentium N3520 @ 2.16GHz,1167
AMD Phenom II N850 Triple-Core,1166
Intel Xeon 3085 @ 3.00GHz,1166
AMD A4-5300B APU,1165
AMD Phenom 9100e Quad-Core,1165
AMD Athlon X2 Dual Core BE-2350,1164
Intel Core i3-2348M @ 2.30GHz,1164
Intel Atom x5-Z8500 @ 1.44GHz,1162
Intel Core2 Duo P9700 @ 2.80GHz,1161
Intel Pentium E5700 @ 3.00GHz,1161
AMD A4-9120,1157
Intel Celeron G530 @ 2.40GHz,1155
Intel Pentium Extreme Edition 965 @ 3.73GHz,1155
Athlon Dual Core 4050e,1152
Intel Celeron 3755U @ 1.70GHz,1152
Intel Core2 Duo T9800 @ 2.93GHz,1152
Intel Pentium E5800 @ 3.20GHz,1152
Intel Pentium E6800 @ 3.33GHz,1148
Intel Xeon E3110 @ 3.00GHz,1148
AMD A6-4400M APU,1146
Intel Pentium G6950 @ 2.80GHz,1146
Intel Pentium G640T @ 2.40GHz,1145
Intel Core2 Extreme X6800 @ 2.93GHz,1144
AMD Athlon 64 X2 Dual Core 4400+,1142
Intel Celeron N3150 @ 1.60GHz,1141
Intel Pentium E6500 @ 2.93GHz,1141
AMD Turion Dual-Core RM-75,1139
Intel Core i3-330M @ 2.13GHz,1139
AMD Turion 64 X2 Mobile TL-66,1136
Intel Core2 Duo E8235 @ 2.80GHz,1134
AMD Turion 64 X2 Mobile TL-62,1131
AMD Athlon 7850 Dual-Core,1130
Intel Atom Z3795 @ 1.60GHz,1130
Intel Celeron 3965Y @ 1.50GHz,1127
AMD Athlon 5150 APU,1126
AMD Athlon 64 X2 QL-65,1126
Intel Celeron G1820TE @ 2.20GHz,1126
AMD Phenom II P860 Triple-Core,1124
AMD A4-4000 APU,1123
Intel Xeon W3505 @ 2.53GHz,1123
Intel Pentium E6700 @ 3.20GHz,1122
AMD Turion Dual-Core RM-72,1121
Intel Core2 Duo E8335 @ 2.66GHz,1121
Intel Core2 Duo P9600 @ 2.66GHz,1121
AMD Phenom 8600 Triple-Core,1119
AMD Opteron 1222,1118
AMD A4-3420 APU,1116
Intel Core2 Duo T9550 @ 2.66GHz,1116
AMD Phenom II P920 Quad-Core,1115
Intel Core2 Duo E8135 @ 2.66GHz,1114
Intel Xeon L5320 @ 1.86GHz,1114
Intel Atom x5-E3930 @ 1.30GHz,1113
AMD A4-5050 APU,1112
AMD A6-9210,1111
Intel Core2 Extreme X7900 @ 2.80GHz,1110
AMD A8-7050,1109
Intel Celeron G550T @ 2.20GHz,1109
Intel Pentium B970 @ 2.30GHz,1109
AMD Athlon II X2 210e,1108
AMD Athlon64 X2 Dual Core 4600+,1108
AMD Athlon Dual Core 5000B,1107
Intel Pentium J2850 @ 2.41GHz,1103
Intel Celeron 2002E @ 1.50GHz,1102
Intel Core i7-620LM @ 2.00GHz,1102
AMD Athlon 64 X2 Dual Core 6400+,1101
Intel Core i5-2537M @ 1.40GHz,1101
Intel Celeron 2980U @ 1.60GHz,1100
Intel Celeron 3215U @ 1.70GHz,1100
AMD Opteron 170,1097
AMD Turion X2 Dual-Core Mobile RM-77,1097
AMD Athlon Dual Core 4450B,1096
AMD Athlon II X2 250,1090
AMD Turion X2 Dual Core Mobile RM-76,1090
Intel Pentium G620T @ 2.20GHz,1090
AMD Athlon II X2 260,1089
Intel Pentium 2127U @ 1.90GHz,1087
AMD Athlon 64 X2 Dual Core 4000+,1086
AMD Athlon II X2 250e,1086
Intel Celeron J1900 @ 1.99GHz,1086
AMD A4-4300M APU,1083
AMD Athlon 64 X2 Dual Core BE-2300,1082
AMD Athlon II X2 255,1080
AMD Turion Dual-Core RM-70,1078
Intel Xeon 3060 @ 2.40GHz,1076
AMD Athlon 64 X2 Dual Core 4200+,1074
AMD Phenom II N660 Dual-Core,1074
Intel Celeron 1000M @ 1.80GHz,1073
Intel Core2 Duo E8200 @ 2.66GHz,1073
Intel Pentium B980 @ 2.40GHz,1072
AMD Turion X2 Dual-Core Mobile RM-74,1071
Intel Xeon 5150 @ 2.66GHz,1070
AMD A4-5100 APU,1069
Intel Core2 Duo E7500 @ 2.93GHz,1069
Intel Celeron U1900 @ 1.99GHz,1067
Intel Pentium 3556U @ 1.70GHz,1067
Intel Core2 Extreme X7800 @ 2.60GHz,1066
AMD GX-222GC SOC,1064
Intel Core2 Duo E6700 @ 2.66GHz,1064
AMD Opteron 1220,1063
AMD Phenom X4 Quad-Core GS-6560,1063
Intel Celeron G530T @ 2.00GHz,1062
Intel Core i3-2375M @ 1.50GHz,1061
AMD Phenom II P840 Triple-Core,1057
Intel Pentium 3558U @ 1.70GHz,1054
Intel Pentium E5300 @ 2.60GHz,1053
Intel Core i3-2310M @ 2.10GHz,1050
Intel Core i7-660UM @ 1.33GHz,1050
AMD Athlon 7750 Dual-Core,1048
AMD Phenom X2 Dual-Core GE-7060,1048
AMD Turion 64 X2 Mobile TL-60,1047
AMD Athlon II X2 245e,1046
Intel Core i3-2377M @ 1.50GHz,1046
AMD Athlon 64 X2 Dual Core BE-2350,1045
Intel Celeron G1101 @ 2.27GHz,1045
AMD Athlon II X2 B24,1044
Intel Core2 Duo T9600 @ 2.80GHz,1044
AMD Embedded G-Series GX-215JJ Radeon R2E,1040
Intel Celeron 1037U @ 1.80GHz,1040
Intel Xeon W3503 @ 2.40GHz,1040
Intel Atom E3845 @ 1.91GHz,1039
AMD A9-9420e,1038
AMD Turion X2 Dual-Core Mobile RM-72,1032
AMD A4 Micro-6400T APU,1029
AMD E2-6110 APU,1029
AMD Athlon 7550 Dual-Core,1026
AMD Phenom II P820 Triple-Core,1026
AMD Phenom II N620 Dual-Core,1025
AMD A4-3400 APU,1024
AMD Turion X2 Dual-Core Mobile RM-75,1024
Intel Core2 Duo P8800 @ 2.66GHz,1024
AMD Athlon 64 X2 QL-66,1022
Intel Celeron N2940 @ 1.83GHz,1022
AMD R-260H APU,1019
AMD Athlon II X2 B22,1018
AMD Turion Dual-Core RM-74,1017
Intel Core2 Duo SP9400 @ 2.40GHz,1017
AMD Opteron 1212,1015
AMD TurionX2 Dual Core Mobile RM-70,1015
Intel Pentium E5400 @ 2.70GHz,1011
Intel Xeon 5133 @ 2.20GHz,1011
Intel Core2 Duo P9600 @ 2.53GHz,1009
Intel Core Duo T2700 @ 2.33GHz,1007
AMD A4 PRO-7350B,1006
AMD Athlon 64 X2 QL-67,1006
Intel Core i7-680UM @ 1.47GHz,1006
Intel Xeon 5148 @ 2.33GHz,1006
AMD A4-3300 APU,1005
AMD Phenom 8400 Triple-Core,1004
Intel Core i3-2367M @ 1.40GHz,1004
AMD Phenom II N640 Dual-Core,1002
AMD Athlon X2 Dual Core 6850e,999
Intel Celeron E3500 @ 2.70GHz,999
AMD Athlon II X2 220,998
Intel Pentium E5500 @ 2.80GHz,998
AMD Athlon 64 X2 Dual Core 6000+,996
AMD Sempron Dual Core 2200,996
AMD PRO A4-4350B,995
AMD Turion 64 X2 Mobile TL-56,994
Intel Celeron 1005M @ 1.90GHz,994
Intel Core2 Duo E7300 @ 2.66GHz,994
AMD Turion 64 X2 Mobile TL-64,993
Intel Core2 Duo T7800 @ 2.60GHz,993
AMD A6-7000,992
AMD GX-412HC,990
AMD Athlon Dual Core 4050e,989
Intel Pentium A1018 @ 2.10GHz,989
Intel Core2 Duo P8700 @ 2.53GHz,985
Intel Atom x5-Z8350 @ 1.44GHz,984
Intel Celeron N2930 @ 1.83GHz,983
AMD Sempron Dual Core 2300,982
Intel Celeron 2981U @ 1.60GHz,982
Intel Core i3-2340UE @ 1.30GHz,982
AMD Phenom X2 Dual-Core GP-7730,980
AMD A6 PRO-7050B APU,976
Intel Core i5-560UM @ 1.33GHz,976
Intel Xeon 5140 @ 2.33GHz,976
Intel Core i3-2365M @ 1.40GHz,975
Intel Core2 Duo T9300 @ 2.50GHz,975
AMD Athlon X2 255,973
AMD Athlon II X2 235e,972
AMD Sempron Dual Core 2100,972
Intel Core2 Duo T9500 @ 2.60GHz,972
Intel Core2 Duo E6600 @ 2.40GHz,970
AMD Athlon II X2 240e,968
AMD Athlon 64 X2 Dual Core 3800+,966
Intel Pentium G630T @ 2.30GHz,965
Intel Celeron E3400 @ 2.60GHz,963
Intel Celeron J1850 @ 1.99GHz,963
Intel Celeron N2920 @ 1.86GHz,963
Intel Core2 Duo E6550 @ 2.33GHz,963
Intel Core2 Duo E6750 @ 2.66GHz,962
Intel Core2 Duo P7550 @ 2.26GHz,962
AMD E2-9010,961
Intel Atom C2358 @ 1.74GHz,961
Intel Core2 Duo P7570 @ 2.26GHz,961
Intel Core2 Duo P8600 @ 2.40GHz,961
AMD Sempron 3850 APU,960
AMD Athlon 64 X2 3800+,959
AMD E2-9000,959
AMD Sempron X2 198 Dual-Core,959
Intel T2050 @ 2.00GHz,959
Intel Pentium E5200 @ 2.50GHz,953
AMD Athlon 64 X2 Dual-Core TK-57,950
Intel Core2 Duo E4700 @ 2.60GHz,949
AMD Turion 64 X2 Mobile TL-58,948
AMD A6-9220e,946
AMD Athlon Dual Core 4450e,945
Intel Pentium N3510 @ 1.99GHz,945
Intel Celeron B840 @ 1.90GHz,944
VIA Eden X4 C4250 @ 1.2+GHz,944
AMD Turion X2 Dual-Core Mobile RM-70,943
Intel Celeron 1017U @ 1.60GHz,943
Intel Celeron 3205U @ 1.50GHz,941
Intel Core Duo T2600 @ 2.16GHz,941
AMD Athlon 64 X2 Dual Core 3400+,940
AMD Turion II P560 Dual-Core,938
Intel Core2 Duo T7700 @ 2.40GHz,938
AMD Opteron 1218,935
AMD Athlon II N370 Dual-Core,933
AMD Athlon 64 X2 Dual Core 3600+,930
Intel Pentium P6300 @ 2.27GHz,930
Intel Core i7-640UM @ 1.20GHz,929
Intel Core i7-620UM @ 1.07GHz,928
AMD Turion X2 Dual Core L510,924
AMD Athlon X2 250,922
Intel Pentium 2117U @ 1.80GHz,920
AMD Athlon 64 X2 QL-62,919
Intel Pentium B960 @ 2.20GHz,917
Intel Atom S1260 @ 2.00GHz,916
Intel Core2 Duo E7400 @ 2.80GHz,915
AMD Sempron X2 190,912
Intel Pentium Extreme Edition 955 @ 3.46GHz,912
AMD Athlon 64 X2 Dual-Core TK-53,911
AMD E2-3800 APU,910
AMD QC-4000,910
AMD Turion II N550 Dual-Core,910
AMD A4-9120C,908
AMD Athlon 64 X2 QL-60,908
Intel Xeon L3406 @ 2.27GHz,907
AMD A4-3320M APU,904
Intel Core2 Duo E7200 @ 2.53GHz,903
Intel Core2 Duo T7600 @ 2.33GHz,903
AMD Athlon II X2 4450e,900
AMD Opteron 165,899
Intel Atom C2338 @ 1.74GHz,898
Intel Core2 Duo L9600 @ 2.13GHz,898
AMD Athlon II X2 215,897
AMD Athlon 5000 Dual-Core,896
Intel Xeon 3065 @ 2.33GHz,896
Intel Pentium B940 @ 2.00GHz,895
AMD E2-9030,894
AMD Athlon 64 X2 Dual Core 5200+,892
Intel Celeron 2957U @ 1.40GHz,891
Intel Core2 Duo P9300 @ 2.26GHz,891
AMD E2-3200 APU,885
Intel Pentium 3560Y @ 1.20GHz,885
AMD Athlon 64 X2 Dual-Core TK-42,884
AMD Athlon II X2 4300e,884
Intel Core2 Duo E6540 @ 2.33GHz,881
AMD A6-4455M APU,880
AMD Athlon 64 X2 QL-64,880
AMD Athlon X2 Dual Core BE-2300,879
AMD A6-9200,874
Intel Core2 Duo P8400 @ 2.26GHz,872
Intel Core2 Duo P9500 @ 2.53GHz,872
Intel Core i3-2357M @ 1.30GHz,871
AMD A4-3310MX APU,870
AMD Athlon 64 X2 Dual-Core TK-55,868
Intel Core i5-540UM @ 1.20GHz,866
AMD Athlon Neo X2 Dual Core L335,861
AMD Athlon X2 240e,861
AMD Turion II Ultra Dual-Core Mobile M640,860
Intel Xeon E5502 @ 1.87GHz,860
AMD Turion X2 Dual Core Mobile RM-70,859
AMD Sempron X2 180,857
AMD A6-1450 APU,856
AMD E2-9000e,855
AMD Athlon II X2 240,854
Intel Core2 Duo T7500 @ 2.20GHz,854
AMD Phenom II P650 Dual-Core,852
Intel Pentium P6100 @ 2.00GHz,851
AMD Turion II N530 Dual-Core,849
Intel Core i5-520UM @ 1.07GHz,849
Intel Core2 Duo E6420 @ 2.13GHz,848
AMD Athlon X2 215,845
AMD Athlon Neo X2 Dual Core L325,842
AMD A4-3330MX APU,841
AMD Athlon II X2 245,841
AMD Athlon 64 X2 Dual Core TK-53,840
Intel Pentium P6200 @ 2.13GHz,840
AMD Athlon 64 X2 Dual Core TK-55,839
Intel Xeon 5130 @ 2.00GHz,838
Intel Celeron E3300 @ 2.50GHz,837
AMD Athlon 7450 Dual-Core,835
AMD Turion II P540 Dual-Core,831
Intel Xeon 5120 @ 1.86GHz,831
AMD Opteron 1214 HE,827
Intel Core2 Duo T9400 @ 2.53GHz,827
Intel Pentium E6300 @ 2.80GHz,827
Intel Pentium B950 @ 2.10GHz,826
Intel Xeon E5503 @ 2.00GHz,826
AMD A4-4355M APU,824
Intel Atom Z3775D @ 1.49GHz,824
Intel Celeron 1007U @ 1.50GHz,824
Intel Celeron B810 @ 1.60GHz,824
Intel Atom D2700 @ 2.13GHz,822
Intel Celeron E3200 @ 2.40GHz,816
Intel Core Duo L2500 @ 1.83GHz,816
Intel Core2 Duo T6670 @ 2.20GHz,816
AMD TurionX2 Dual Core Mobile RM-72,815
Intel Core2 Duo T8100 @ 2.10GHz,814
AMD Athlon II X2 4400e,812
AMD Turion II Ultra Dual-Core Mobile M660,810
Intel Pentium E6600 @ 3.06GHz,810
AMD Athlon X2 Dual Core 3250e,809
Intel Core Duo T2500 @ 2.00GHz,807
Intel Pentium T4500 @ 2.30GHz,807
Intel Pentium P6000 @ 1.87GHz,806
Intel Core i5-430UM @ 1.20GHz,805
Intel Celeron B820 @ 1.70GHz,803
Intel Celeron P4600 @ 2.00GHz,803
Intel Xeon E5205 @ 1.86GHz,801
Intel Pentium T4300 @ 2.10GHz,800
Intel Xeon 3050 @ 2.13GHz,800
AMD A4-3305M APU,799
Intel Pentium T4400 @ 2.20GHz,797
AMD Athlon II N350 Dual-Core,796
Intel Celeron B815 @ 1.60GHz,796
AMD Athlon 64 FX-57,795
Intel Pentium 997 @ 1.60GHz,794
Intel Atom x5-Z8330 @ 1.44GHz,793
AMD Turion II P520 Dual-Core,786
Intel Core2 Duo E8135 @ 2.40GHz,785
AMD Athlon X2 240,781
Intel Atom Z3770 @ 1.46GHz,776
AMD GX-218GL SOC,773
Dual-Core AMD Opteron 1220 SE,768
Intel Core2 Duo T7200 @ 2.00GHz,767
Intel Xeon 3040 @ 1.86GHz,767
Intel Atom E3840 @ 1.91GHz,764
Intel Atom x5-Z8300 @ 1.44GHz,763
Intel Celeron 2961Y @ 1.10GHz,763
AMD Turion Neo X2 Dual Core L625,762
AMD Athlon 5200 Dual-Core,761
Intel Pentium D 950 @ 3.40GHz,760
AMD A4-3300M APU,759
Intel Core2 Duo T6400 @ 2.00GHz,756
AMD Turion II Dual-Core Mobile M540,754
Intel Core Duo T2400 @ 1.83GHz,754
AMD Athlon II P360 Dual-Core,753
AMD Opteron 1216,753
Intel Atom Z3775 @ 1.46GHz,748
Intel Core2 Duo T7300 @ 2.00GHz,747
AMD Opteron 1216 HE,746
AMD Turion II Ultra Dual-Core Mobile M620,745
Intel Core2 Duo P7450 @ 2.13GHz,744
Intel Pentium T4200 @ 2.00GHz,743
Intel Core2 Duo L7800 @ 2.00GHz,741
AMD Athlon II P320 Dual-Core,739
Intel Atom D2550 @ 1.86GHz,737
Intel Core2 Duo T7400 @ 2.16GHz,737
Intel Pentium D 960 @ 3.60GHz,737
AMD Athlon II P340 Dual-Core,735
Intel Core Duo T2350 @ 1.86GHz,735
AMD Turion II Ultra Dual-Core Mobile M600,733
Intel Celeron 1047UE @ 1.40GHz,732
AMD Turion II Neo N54L Dual-Core,731
Intel Celeron N2910 @ 1.60GHz,730
Intel Celeron N3060 @ 1.60GHz,728
AMD E2-3000M APU,727
Celeron Dual-Core T3500 @ 2.10GHz,727
Intel Celeron 2955U @ 1.40GHz,725
AMD Turion 64 X2 Mobile TL-52,722
Intel Core2 Duo P7370 @ 2.00GHz,722
Intel Atom D2701 @ 2.13GHz,721
Intel Atom D525 @ 1.80GHz,720
Intel Core Duo L2300 @ 1.50GHz,720
Intel Celeron B800 @ 1.50GHz,719
Intel Core2 Duo E6320 @ 1.86GHz,719
AMD Athlon 64 FX-59,716
AMD Opteron 1214,715
Intel Celeron 877 @ 1.40GHz,714
Intel Core2 Duo P7350 @ 2.00GHz,714
Intel Atom D2560 @ 2.00GHz,712
Intel Celeron (Dual-Core),712
Intel Celeron N3010 @ 1.04GHz,712
AMD Turion II Neo K685 Dual-Core,710
Intel Core i3-380UM @ 1.33GHz,709
Intel Celeron J3060 @ 1.60GHz,708
AMD Turion II Dual-Core Mobile M520,706
AMD Opteron 154,703
Intel Core Duo L2400 @ 1.66GHz,703
AMD Athlon II X2 270u,701
Intel Core Duo T2250 @ 1.73GHz,700
Intel Core i5-470UM @ 1.33GHz,698
Intel Pentium E2200 @ 2.20GHz,697
Intel Celeron G470 @ 2.00GHz,695
AMD Opteron 254,694
Intel Pentium 987 @ 1.50GHz,694
Intel Celeron P4500 @ 1.87GHz,693
AMD Athlon II N330 Dual-Core,690
Intel Core2 Duo T6570 @ 2.10GHz,690
Intel Xeon MV 3.20GHz,684
Intel Pentium T2130 @ 1.86GHz,683
Intel Xeon 5110 @ 1.60GHz,683
Intel Celeron J1750 @ 2.41GHz,682
Intel Core Duo T2450 @ 2.00GHz,681
Intel Pentium D 940 @ 3.20GHz,675
Intel Celeron P4505 @ 1.87GHz,673
Intel Core Duo T2300 @ 1.66GHz,672
Intel Core2 Duo SL9400 @ 1.86GHz,672
Intel Atom Z3745 @ 1.33GHz,671
Intel Pentium E2210 @ 2.20GHz,671
Celeron Dual-Core T3100 @ 1.90GHz,670
Intel Core2 Duo U9600 @ 1.60GHz,668
Intel Celeron 450 @ 2.20GHz,667
Intel Celeron J1800 @ 2.41GHz,667
VIA QuadCore L4700 @ 1.2+ GHz,667
Intel Atom Z3740D @ 1.33GHz,666
Intel Core2 Duo T8300 @ 2.40GHz,666
Intel Core2 Duo E4600 @ 2.40GHz,665
Intel Pentium T2080 @ 1.73GHz,663
AMD Athlon LE-1640,661
Intel Core2 Duo L7700 @ 1.80GHz,661
AMD Opteron 152,659
Intel Atom D510 @ 1.66GHz,658
Intel Core2 Duo T5870 @ 2.00GHz,658
Intel Core2 Duo T6500 @ 2.10GHz,657
Intel Celeron 887 @ 1.50GHz,654
AMD E1-7010 APU,651
Celeron Dual-Core T3300 @ 2.00GHz,649
AMD Athlon LE-1620,648
Intel Core2 Duo T5600 @ 1.83GHz,643
AMD Athlon LE-1660,641
AMD Turion II Dual-Core Mobile M500,641
Intel Core i3-330UM @ 1.20GHz,641
AMD Athlon X2 Dual Core L310,640
Intel Core2 Duo L9300 @ 1.60GHz,638
AMD Athlon 64 3800+,635
AMD Athlon LE-1600,634
AMD Athlon 1640B,633
Intel Atom N2800 @ 1.86GHz,633
Intel Celeron N3000 @ 1.04GHz,633
Intel Pentium E2180 @ 2.00GHz,632
AMD Athlon II X2 260u,630
Intel Celeron 857 @ 1.20GHz,629
Intel Celeron B830 @ 1.80GHz,628
Intel Core Duo T2050 @ 1.60GHz,627
Intel Core2 Duo L7500 @ 1.60GHz,627
Intel Pentium T2060 @ 1.60GHz,627
Intel Pentium 957 @ 1.20GHz,626
AMD Athlon Neo X2 Dual Core 6850e,625
Intel Pentium E2220 @ 2.40GHz,625
Celeron Dual-Core T3000 @ 1.80GHz,624
Intel Atom Z3740 @ 1.33GHz,624
Intel Pentium 2129Y @ 1.10GHz,624
AMD Athlon 64 FX-55,622
Intel Core2 Duo E4500 @ 2.20GHz,621
Intel Core2 Duo T6600 @ 2.20GHz,620
Intel Core2 Duo T5300 @ 1.73GHz,617
Intel Pentium E2160 @ 1.80GHz,616
AMD E1 Micro-6200T APU,615
AMD Sempron LE-1300,615
AMD Turion 64 Mobile ML-42,615
Intel Celeron E1600 @ 2.40GHz,614
Intel Core2 Duo E6400 @ 2.13GHz,613
Intel Core2 Duo T5750 @ 2.00GHz,612
AMD E1-6010 APU,608
Intel Core2 Duo T7250 @ 2.00GHz,608
Intel Atom Z3745D @ 1.33GHz,607
Intel Celeron 847E @ 1.10GHz,607
AMD Athlon 64 3700+,606
Intel Celeron G460 @ 1.80GHz,605
AMD GX-212JC SOC,604
AMD Opteron 148,604
AMD Opteron 150,604
Intel Core2 Duo T7100 @ 1.80GHz,602
AMD E2-3000 APU,601
Intel Celeron E1500 @ 2.20GHz,601
Intel Core2 Duo E4400 @ 2.00GHz,600
Intel Celeron N3050 @ 1.60GHz,599
Intel Core2 Duo T5500 @ 1.66GHz,599
AMD Turion II Neo N40L Dual-Core,597
Intel Celeron N2840 @ 2.16GHz,593
AMD Turion 64 Mobile ML-44,591
Intel Pentium 967 @ 1.30GHz,590
AMD Turion II Neo K625 Dual-Core,586
AMD GX-217GA SOC,585
Intel Celeron G465 @ 1.90GHz,584
Intel Celeron 550 @ 2.00GHz,581
Intel Atom Z3735E @ 1.33GHz,578
AMD Athlon 64 3400+,577
AMD Turion 64 X2 Mobile TL-50,576
Intel Atom Z2760 @ 1.80GHz,576
VIA QuadCore U4650 @ 1.0+ GHz,574
AMD Athlon II Dual-Core M340,573
Intel Atom N570 @ 1.66GHz,573
Intel Atom 330 @ 1.60GHz,571
Intel Celeron N2820 @ 2.13GHz,571
Intel Celeron U3600 @ 1.20GHz,571
Intel Celeron 867 @ 1.30GHz,570
Intel Core2 Duo T5850 @ 2.16GHz,570
AMD Athlon II Dual-Core M320,569
Intel Celeron 440 @ 2.00GHz,567
Intel Celeron 1019Y @ 1.00GHz,564
Intel Pentium U5600 @ 1.33GHz,564
AMD Athlon 64 3500+,563
Intel Xeon 3.20GHz,563
Intel Core2 Duo L7400 @ 1.50GHz,562
Intel Atom Z3735G @ 1.33GHz,561
Intel Celeron 560 @ 2.13GHz,561
Intel Atom Z3735D @ 1.33GHz,560
AMD Sempron 3600+,559
Intel Atom E3827 @ 1.74GHz,559
AMD Sempron 3800+,554
AMD Athlon II Dual-Core M300,552
AMD Sempron LE-1200,551
Intel Celeron @ 1.30GHz,551
Mobile AMD Athlon 64 3700+,548
AMD Athlon II Neo K345 Dual-Core,547
AMD Sempron 2650 APU,547
Intel Core2 Duo E6300 @ 1.86GHz,547
AMD Sempron LE-1250,544
AMD Sempron 130,541
Intel Core2 Duo SU9400 @ 1.40GHz,541
Intel Atom N550 @ 1.50GHz,540
Intel Celeron N2815 @ 1.86GHz,539
AMD E1-2500 APU,538
Intel Celeron 540 @ 1.86GHz,535
Intel Atom Z3735F @ 1.33GHz,533
AMD Opteron 146,532
Intel Atom N2600 @ 1.60GHz,531
Intel Celeron N2807 @ 1.58GHz,531
Intel Core2 Duo T5200 @ 1.60GHz,531
Intel Atom Z3770D @ 1.49GHz,530
Intel Celeron 570 @ 2.26GHz,529
Intel Celeron N2806 @ 1.60GHz,529
AMD Turion 64 Mobile ML-40,522
AMD Athlon TF-36,521
Intel Core2 Duo L7100 @ 1.20GHz,521
Intel Core2 Duo T5800 @ 2.00GHz,521
AMD Turion 64 Mobile MK-38,520
Intel Atom Z3736F @ 1.33GHz,520
Intel Celeron M 530 @ 1.73GHz,520
Intel Core2 Duo E4300 @ 1.80GHz,518
AMD Sempron 150,517
Intel T1500 @ 1.86GHz,517
Intel Core Duo U2400 @ 1.06GHz,514
AMD Athlon 2850e,512
AMD Athlon II X2 250u,512
Mobile AMD Athlon 64 3400+,512
AMD Athlon 64 3200+,510
Intel Celeron E1400 @ 2.00GHz,508
Intel Celeron N2808 @ 1.58GHz,506
Intel Celeron N2830 @ 2.16GHz,506
Intel Pentium D 830 @ 3.00GHz,503
Intel Pentium D 915 @ 2.80GHz,502
Mobile AMD Athlon 64 3200+,501
Intel Xeon 3.00GHz,500
Intel Xeon 3.80GHz,500
Intel Celeron T1600 @ 1.66GHz,499
Intel Core2 Duo T5900 @ 2.20GHz,499
Intel Pentium SU4100 @ 1.30GHz,498
AMD Athlon 64 4000+,494
Intel Core2 Duo L7300 @ 1.40GHz,494
Intel Core2 Duo U7300 @ 1.30GHz,494
Intel Pentium T2410 @ 2.00GHz,491
AMD Turion 64 Mobile ML-37,489
Intel Pentium T3200 @ 2.00GHz,489
AMD Opteron 144,486
AMD Sempron LE-1100,486
Mobile AMD Sempron 3800+,486
AMD Turion 64 Mobile MT-37,485
AMD Athlon 64 3100+,484
AMD Sempron 3300+,484
AMD Turion 64 Mobile MK-36,483
Intel Celeron D 420 @ 1.60GHz,482
Mobile AMD Athlon 64 4000+,481
AMD E1-6015 APU,478
AMD Athlon 64 3300+,477
Intel Pentium T2390 @ 1.86GHz,475
AMD Athlon 64 3000+,473
Intel Core Solo T1400 @ 1.83GHz,471
Intel Celeron 430 @ 1.80GHz,467
Intel Pentium T3400 @ 2.16GHz,466
Mobile AMD Sempron 3400+,465
Intel Celeron M 450 @ 2.00GHz,464
Intel Core2 Duo U9300 @ 1.20GHz,463
AMD Sempron SI-42,461
AMD Sempron 3100+,458
Mobile AMD Sempron 3500+,458
AMD Sempron 145,457
Intel Core2 Duo T5450 @ 1.66GHz,457
AMD E2-2000 APU,455
Intel Celeron SU2300 @ 1.20GHz,455
Intel Celeron U3400 @ 1.07GHz,455
Intel Pentium 4 3.46GHz,455
Mobile AMD Sempron 3300+,452
Intel Celeron 420 @ 1.60GHz,451
AMD Sempron 3400+,450
Intel Celeron 925 @ 2.30GHz,449
Intel Pentium M 2.10GHz,449
AMD Athlon 2800+,448
Intel Pentium D 805 @ 2.66GHz,447
AMD G-T56N,446
Intel Celeron D 360 @ 3.46GHz,446
AMD Sempron SI-40,444
Intel Celeron N2810 @ 2.00GHz,444
AMD Sempron 3200+,443
AMD E-450 APU,442
Intel Celeron 530 @ 1.73GHz,442
Intel Atom D2500 @ 1.86GHz,441
AMD Athlon Neo MV-40,440
AMD Turion 64 Mobile MT-32,440
AMD Turion 64 Mobile ML-32,438
Intel Pentium M 1.86GHz,437
Mobile AMD Sempron 3600+,437
Intel Core2 Duo T5470 @ 1.60GHz,435
AMD Athlon XP 3100+,434
Intel 2.80GHz,434
AMD Athlon II Neo N36L Dual-Core,433
AMD Athlon XP 3200+,433
Intel Core2 Duo T5670 @ 1.80GHz,433
Intel Pentium 4 3.80GHz,433
AMD Athlon II Neo K325 Dual-Core,432
Intel Pentium M 1.80GHz,432
Intel Pentium T2370 @ 1.73GHz,432
AMD Turion 64 Mobile MT-34,429
Intel Celeron 807 @ 1.50GHz,429
Intel Celeron G440 @ 1.60GHz,428
AMD G-T48E,426
AMD G-T56E,426
AMD Turion 64 Mobile ML-30,426
Mobile AMD Sempron 3100+,426
AMD Turion 64 Mobile ML-34,425
Intel Celeron E1200 @ 1.60GHz,425
AMD Athlon XP 2900+,424
AMD E-350,423
Intel Pentium U5400 @ 1.20GHz,423
AMD Athlon 2650e,422
Intel Xeon 3.60GHz,421
AMD E-350D APU,420
Intel Atom E3825 @ 1.33GHz,418
Intel Core2 Duo T5250 @ 1.50GHz,417
Intel Pentium M 2.00GHz,416
Intel Pentium M 2.13GHz,416
AMD E1-2100 APU,414
Mobile AMD Sempron 3000+,414
AMD Athlon TF-20,412
AMD Sempron 3000+,412
AMD Sempron 210U,411
Intel T1400 @ 1.73GHz,410
Intel Pentium T2310 @ 1.46GHz,409
AMD Sempron LE-1150,407
Intel Celeron 847 @ 1.10GHz,406
Intel Pentium T2330 @ 1.60GHz,405
AMD E-350 APU,404
AMD Athlon XP 3000+,403
Intel Core i7-2630UM @ 1.60GHz,403
Intel Celeron 900 @ 2.20GHz,402
Intel Pentium 4 3.73GHz,402
AMD Athlon XP 2800+,401
AMD Geode NX 2400+,400
AMD E1-1500 APU,399
AMD E2-1800 APU,397
AMD A4-1250 APU,396
Intel Pentium M 1.73GHz,396
Intel Xeon 3.40GHz,396
AMD Athlon XP 2700+,394
Mobile AMD Sempron 2600+,394
AMD E1-2200 APU,392
AMD Sempron 140,391
AMD Turion 64 Mobile ML-28,391
Intel Core2 Duo T5550 @ 1.83GHz,391
Intel Core Solo T1300 @ 1.66GHz,390
AMD Sempron 2600+,389
Intel Celeron M 1.70GHz,388
AMD V140,386
Intel Celeron M 440 @ 1.86GHz,385
Intel Atom N470 @ 1.83GHz,383
VIA Nano X2 U4025 @ 1.2 GHz,383
Intel Atom D425 @ 1.80GHz,380
AMD Turion 64 Mobile MT-30,379
Intel Core2 Duo T5270 @ 1.40GHz,377
AMD Athlon 64 2800+,376
AMD Athlon II 170u,375
AMD E-300 APU,375
AMD Athlon 64 2600+,374
AMD Athlon XP2400+,374
AMD Athlon XP 2600+,373
Intel Celeron 827E @ 1.40GHz,373
Mobile AMD Athlon XP-M 2600+,371
Mobile AMD Athlon 2500+,370
Intel Pentium M 1.50GHz,369
Intel Pentium M 1.70GHz,368
Mobile AMD Athlon XP-M 3000+,366
Intel Pentium M 1700MHz,365
Intel Pentium M 2.26GHz,365
Mobile AMD Athlon XP-M 2200+,365
Mobile AMD Athlon XP-M 2800+,365
Mobile AMD Sempron 2800+,364
Mobile Intel Pentium 4 3.33GHz,364
AMD V160,363
AMD Athlon XP 2400+,361
Intel Core Solo T1350 @ 1.86GHz,361
Intel Core2 Solo U2100 @ 1.06GHz,359
Mobile AMD Athlon 4 2400+,359
AMD Sempron 2800+,358
AMD Sempron 3500+,357
Mobile Intel Pentium 4 3.20GHz,357
AMD Athlon XP 2500+,356
Mobile AMD Sempron 3200+,355
Intel Pentium M 1.60GHz,353
Intel Pentium E2140 @ 1.60GHz,351
Mobile AMD Athlon XP-M 2500+,347
Intel Pentium M 1.40GHz,346
Mobile AMD Athlon XP-M 2400+,346
AMD E1-1200 APU,345
Intel Celeron M 1.60GHz,344
Intel Core Duo U2500 @ 1.20GHz,343
Intel Celeron M 430 @ 1.73GHz,342
AMD V120,340
Intel Celeron M 360 1.40GHz,340
Mobile Intel Pentium 4 3.06GHz,338
Intel Pentium 4 3.60GHz,335
AMD A4-1200 APU,334
Intel Celeron D 352 @ 3.20GHz,333
Intel Celeron M 1500MHz,333
Intel Celeron M 1.50GHz,332
Intel Core Solo U1500 @ 1.33GHz,331
Intel Xeon 2.80GHz,331
AMD Athlon XP 2200+,329
Intel Celeron N2805 @ 1.46GHz,328
Intel Atom 230 @ 1.60GHz,324
AMD Athlon XP 2100+,323
Intel Atom E3826 @ 1.46GHz,323
Intel Celeron 215 @ 1.33GHz,323
Intel Celeron 220 @ 1.20GHz,321
Intel Pentium M 1400MHz,320
Intel Core2 Duo U7600 @ 1.20GHz,319
AMD Sempron 2300+,318
Intel Celeron M 1.30GHz,316
Intel Core2 Duo U7500 @ 1.06GHz,316
AMD Sempron 2400+,315
Mobile Intel Pentium 4 2.80GHz,315
AMD Athlon XP 1900+,313
AMD Athlon II Neo K125,312
AMD C-60 APU,311
Intel Atom N2100 @ 1.60GHz,310
AMD Athlon II Neo K145,309
Intel Pentium 4 3.40GHz,308
Intel Atom N475 @ 1.83GHz,307
Intel Pentium M 1.20GHz,307
Intel Celeron M 1300MHz,304
Intel Pentium M 1300MHz,304
AMD Athlon II 160u,303
AMD Athlon L110,303
Intel Atom N450 @ 1.66GHz,303
Intel Pentium M 1.30GHz,302
AMD C-70 APU,301
AMD Sempron M120,301
Mobile AMD Athlon XP-M 2000+,301
AMD Athlon XP 1800+,300
AMD Athlon XP 2000+,300
Intel Pentium III 1400S @ 1400MHz,299
Intel Core2 Duo U7700 @ 1.33GHz,298
AMD Z-01,297
Intel Pentium III 1400 @ 1400MHz,297
Mobile AMD Athlon XP-M 1800+,297
Intel Pentium M 1600MHz,296
Intel Celeron D 356 @ 3.33GHz,295
Mobile AMD Athlon MP-M 2400+,295
AMD Athlon 1500+,294
Intel Pentium 4 2.60GHz,291
Intel Pentium 4 3.06GHz,289
Intel Pentium M 1500MHz,289
Intel Pentium 4 3.20GHz,288
AMD Sempron M100,287
AMD Sempron 2200+,283
Intel Pentium M 1.10GHz,283
AMD Athlon XP1600+,281
AMD C-60,281
Intel Atom Z530 @ 1.60GHz,281
Intel Pentium 4 3.00GHz,281
Mobile Intel Celeron 1333MHz,281
Intel Celeron 3.20GHz,280
Mobile Intel Pentium 4 2.66GHz,280
Intel Atom D410 @ 1.66GHz,278
Intel Atom N280 @ 1.66GHz,278
Intel Atom N455 @ 1.66GHz,277
Intel Celeron 3.33GHz,276
Intel Xeon 2.40GHz,276
Intel Celeron M 520 @ 1.60GHz,275
Intel Core2 Solo U3500 @ 1.40GHz,275
Intel Celeron D 347 @ 3.06GHz,273
VIA Eden X2 U4200 @ 1.0+ GHz,272
AMD Athlon XP 1700+,271
VIA Nano L2100@1800MHz,271
Intel Atom N270 @ 1.60GHz,269
AMD Athlon XP 1600+,268
AMD C-50,268
AMD Sempron 2500+,265
Mobile AMD Athlon MP-M 1800+,265
Intel Core Solo U1400 @ 1.20GHz,263
VIA Eden C1050@1.06GHz,263
VIA Nano U2250 (1.6GHz Capable),263
Intel Core Solo U1300 @ 1.06GHz,262
Intel Atom N435 @ 1.33GHz,261
Mobile AMD Athlon XP-M 1600+,260
Intel Celeron M 420 @ 1.60GHz,258
AMD Athlon XP 1500+,257
Intel Celeron M 723 @ 1.20GHz,255
Intel Pentium 4 2.80GHz,255
Intel Celeron 743 @ 1.30GHz,254
Intel Celeron M 443 @ 1.20GHz,254
AMD G-T40E,253
Intel XEON 2.20GHz,253
AMD Z-60 APU,252
Intel Celeron 2.50GHz,252
Intel Pentium III Mobile 1133MHz,252
Mobile AMD Sempron 2100+,252
Intel Pentium 4 2.53GHz,250
Intel Pentium SU2700 @ 1.30GHz,248
VIA Nano L2007@1600MHz,247
Intel Pentium 4 2.50GHz,246
Intel Pentium III Mobile 1066MHz,246
Intel Celeron 2.53GHz,245
Intel Celeron 2.70GHz,245
Intel Celeron 3.06GHz,245
Intel Atom Z670 @ 1.50GHz,244
Intel Celeron 1200MHz,244
Intel Celeron 2.93GHz,243
Intel Pentium 4 2.20GHz,242
Intel Pentium 4 2.66GHz,242
Intel Atom Z520 @ 1.33GHz,240
Intel Pentium III Mobile 1200MHz,240
Intel Pentium M 1000MHz,239
AMD Athlon 64 2000+,238
Intel Pentium M 1200MHz,238
Mobile Intel Celeron 2.40GHz,236
Intel Xeon 2.00GHz,234
Intel Pentium 4 2.26GHz,232
Intel Pentium 4 2.93GHz,231
VIA C7-D 1800MHz,231
Intel Celeron M 1.00GHz,229
Intel Celeron M 410 @ 1.46GHz,229
Intel Celeron 2.30GHz,227
Mobile Intel Celeron 2.20GHz,226
Mobile Intel Pentium III - M 1200MHz,224
VIA C7-M 6300MHz,223
Intel Celeron 723 @ 1.20GHz,221
Intel Celeron 2.60GHz,220
Mobile Intel Pentium 4 - M 2.20GHz,220
Intel Celeron 2.40GHz,219
Intel Pentium M 900MHz,217
Intel Celeron 1000MHz,214
Mobile Intel Pentium 4 - M 2.40GHz,214
Intel Celeron 2.20GHz,213
Mobile Intel Pentium 4 - M 2.00GHz,212
Intel Celeron 807UE @ 1.00GHz,211
Intel Pentium 4 Mobile 1.90GHz,210
VIA Esther 1500MHz,208
AMD GX-210JA SOC,205
Intel Pentium 4 2.00GHz,205
Mobile Intel Celeron 2.00GHz,204
Intel Pentium 4 Mobile 2.00GHz,203
Intel Pentium 4 2.40GHz,202
Intel Celeron 2.80GHz,201
Mobile Intel Pentium III - M 933MHz,200
VIA Nano U2500@1200MHz,193
Intel Celeron 2.00GHz,192
Intel Celeron 2.26GHz,192
AMD V105,191
Intel Celeron M 900MHz,189
AMD E-240,188
Mobile Intel Celeron 1.80GHz,186
Mobile Intel Pentium 4 - M 1.70GHz,186
Mobile Intel Pentium 4 - M 1.80GHz,184
Intel Celeron 2.66GHz,183
Intel Pentium III Mobile 800MHz,183
Mobile Intel Celeron 1.70GHz,181
Intel Pentium 4 Mobile 1.60GHz,179
AMD C-30,178
VIA C7-M 1600MHz,178
AMD G-T52R,177
Intel Pentium 4 1.80GHz,176
Intel Pentium 4 Mobile 1.80GHz,176
Intel Celeron 2.13GHz,175
Intel Pentium 4 1800MHz,175
Intel Celeron 1100MHz,174
VIA Nano U2250@1300+MHz,174
VIA C7-M 1200MHz,173
VIA Nano U3500@1000MHz,172
Intel Pentium 4 3.83GHz,162
Intel Pentium 4 1.90GHz,160
VIA Nano L2207@1600MHz,160
Intel Celeron 1.70GHz,155
VIA Nehemiah,155
Intel Pentium 4 1700MHz,154
Intel Pentium III Mobile 866MHz,152
Intel Celeron 1.80GHz,148
VIA Esther 1000MHz,147
VIA Eden 1200MHz,142
AMD G-T44R,140
Intel Pentium 4 1.70GHz,133
Intel Pentium 4 1.50GHz,132
Intel Pentium 4 1.60GHz,130
Intel Pentium 4 1400MHz,128
Intel Pentium 4 1500MHz,125
VIA Eden 1000MHz,124
Intel Pentium 4 1300MHz,119
AMD G-T40R,115
Intel Atom E3815 @ 1.46GHz,114
Intel Celeron B710 @ 1.60GHz,106
,
,
,
,
,
,
,
,
,
,
,
,
,
,
,
,
,
,
,
,
,
,
,
,
,
,
,
